agent_class,group,n_seeds,mean,std,sem,min,max,median,q25,q75,param_agent_anneal_steps,param_agent_class,param_agent_discount,param_agent_final_epsilon,param_agent_initial_epsilon,param_agent_intrinsic_reward_scale,param_agent_step_size,param_buffer_buffer_size,param_buffer_class,param_checkpoint_freq,param_eval_episodes,param_evaluate_every,param_max_episode_steps,param_minibatch_size,param_num_minibatches,param_seed,param_train_episodes,param_train_steps,param_update_frequency,param_use_steps,param_warmup_steps
AnnealingEpsGreedyCountAgent,sweep_c28,5,868929.0,355587.15094544686,159023.40828789954,463250.0,1423065.0,763250.0,742555.0,952525.0,1809,AnnealingEpsGreedyCountAgent,0.95,0.0242066,0.37105,1179,0.00504052,5000,ReplayBuffer,,0,0,5000,1,1,3,1,5000,1,True,0
AnnealingEpsGreedyCountAgent,sweep_c33,5,778876.0,387339.2868080902,173223.39513183545,333755.0,1372855.0,802580.0,562725.0,822465.0,3623,AnnealingEpsGreedyCountAgent,0.95,0.076126,0.475481,2864,0.00234018,5000,ReplayBuffer,,0,0,5000,1,1,2,1,5000,1,True,0
AnnealingEpsGreedyCountAgent,sweep_c59,5,639114.0,727166.5729425411,325198.7776130162,14815.0,1682650.0,392715.0,23205.0,1082185.0,2956,AnnealingEpsGreedyCountAgent,0.95,0.0727492,0.404591,6468,0.00119809,5000,ReplayBuffer,,0,0,5000,1,1,0,1,5000,1,True,0
AnnealingEpsGreedyCountAgent,sweep_c47,5,598722.0,409636.20876638824,183194.88176938787,6490.0,1002945.0,655120.0,395055.0,934000.0,1749,AnnealingEpsGreedyCountAgent,0.95,0.0293111,0.774961,234,0.00404825,5000,ReplayBuffer,,0,0,5000,1,1,2,1,5000,1,True,0
AnnealingEpsGreedyCountAgent,sweep_c43,5,569827.0,157553.8991742191,70460.24573474038,423950.0,823690.0,533530.0,464415.0,603550.0,4321,AnnealingEpsGreedyCountAgent,0.95,0.0170971,0.481459,7983,0.00604517,5000,ReplayBuffer,,0,0,5000,1,1,2,1,5000,1,True,0
AnnealingEpsGreedyCountAgent,sweep_c45,5,569344.0,692017.2207701915,309479.5094485255,3860.0,1623145.0,293135.0,23690.0,902890.0,3400,AnnealingEpsGreedyCountAgent,0.95,0.011848,0.886416,3080,0.00201268,5000,ReplayBuffer,,0,0,5000,1,1,2,1,5000,1,True,0
AnnealingEpsGreedyCountAgent,sweep_c10,5,543696.0,236714.2176074348,105861.81636218037,273605.0,883740.0,533560.0,384050.0,643525.0,4161,AnnealingEpsGreedyCountAgent,0.95,0.0297002,0.356312,8016,0.00619267,5000,ReplayBuffer,,0,0,5000,1,1,2,1,5000,1,True,0
AnnealingEpsGreedyCountAgent,sweep_c91,5,467551.0,201751.8487028062,90226.16965714548,313720.0,813290.0,373870.0,363595.0,473280.0,668,AnnealingEpsGreedyCountAgent,0.95,0.188467,0.644282,2480,0.00469315,5000,ReplayBuffer,,0,0,5000,1,1,3,1,5000,1,True,0
AnnealingEpsGreedyCountAgent,sweep_c20,5,455311.0,336137.5827209745,150325.29695131155,4030.0,882975.0,483070.0,273485.0,632995.0,2746,AnnealingEpsGreedyCountAgent,0.95,0.0736513,0.380745,3119,0.00198289,5000,ReplayBuffer,,0,0,5000,1,1,4,1,5000,1,True,0
AnnealingEpsGreedyCountAgent,sweep_c64,5,440086.0,216436.155955977,96793.19150126212,254315.0,803790.0,394225.0,304185.0,443915.0,2473,AnnealingEpsGreedyCountAgent,0.95,0.0426623,0.789717,5489,0.00824795,5000,ReplayBuffer,,0,0,5000,1,1,3,1,5000,1,True,0
AnnealingEpsGreedyCountAgent,sweep_c6,5,423616.0,241470.94751232496,107989.09064576846,116280.0,745070.0,485055.0,265805.0,505870.0,4494,AnnealingEpsGreedyCountAgent,0.95,0.0242537,0.905717,230,0.00809169,5000,ReplayBuffer,,0,0,5000,1,1,0,1,5000,1,True,0
AnnealingEpsGreedyCountAgent,sweep_c93,5,394056.0,85760.3505706454,38353.1947300352,284575.0,483930.0,423665.0,324135.0,453975.0,165,AnnealingEpsGreedyCountAgent,0.95,0.141065,0.371036,531,0.00684746,5000,ReplayBuffer,,0,0,5000,1,1,2,1,5000,1,True,0
AnnealingEpsGreedyCountAgent,sweep_c61,5,393490.0,450254.8022509033,201360.06900574898,4005.0,932795.0,193825.0,13900.0,822925.0,2479,AnnealingEpsGreedyCountAgent,0.95,0.119212,0.899926,6605,0.00170419,5000,ReplayBuffer,,0,0,5000,1,1,2,1,5000,1,True,0
AnnealingEpsGreedyCountAgent,sweep_c73,5,385173.0,848340.4975568478,379389.40412062116,4810.0,1902730.0,6185.0,5340.0,6800.0,1239,AnnealingEpsGreedyCountAgent,0.95,0.0342128,0.620886,1716,0.000262131,5000,ReplayBuffer,,0,0,5000,1,1,4,1,5000,1,True,0
AnnealingEpsGreedyCountAgent,sweep_c68,5,363208.0,176119.75515966403,78763.14894352561,55455.0,495090.0,405310.0,405110.0,455075.0,4791,AnnealingEpsGreedyCountAgent,0.95,0.0526926,0.613981,3559,0.0119128,5000,ReplayBuffer,,0,0,5000,1,1,0,1,5000,1,True,0
AnnealingEpsGreedyCountAgent,sweep_c49,5,334058.0,725670.0091604999,324529.4939431546,4435.0,1632085.0,4785.0,4555.0,24430.0,2477,AnnealingEpsGreedyCountAgent,0.95,0.0196441,0.725852,4587,0.000577883,5000,ReplayBuffer,,0,0,5000,1,1,2,1,5000,1,True,0
AnnealingEpsGreedyCountAgent,sweep_c40,5,331770.0,660415.0390284886,295346.5841261754,5170.0,1512075.0,54015.0,13815.0,73775.0,3671,AnnealingEpsGreedyCountAgent,0.95,0.022576,0.534081,6203,0.000587812,5000,ReplayBuffer,,0,0,5000,1,1,3,1,5000,1,True,0
AnnealingEpsGreedyCountAgent,sweep_c1,5,329524.0,182394.13461649473,81569.13673994594,125615.0,625190.0,295570.0,275625.0,325620.0,3904,AnnealingEpsGreedyCountAgent,0.95,0.168187,0.942764,5866,0.00878437,5000,ReplayBuffer,,0,0,5000,1,1,3,1,5000,1,True,0
AnnealingEpsGreedyCountAgent,sweep_c95,5,320475.0,705591.3965957918,315550.06542544084,4195.0,1582675.0,5225.0,4905.0,5375.0,909,AnnealingEpsGreedyCountAgent,0.95,0.140736,0.848392,985,0.000602413,5000,ReplayBuffer,,0,0,5000,1,1,1,1,5000,1,True,0
AnnealingEpsGreedyCountAgent,sweep_c25,5,287392.0,627638.7052337514,280688.5620425242,5505.0,1410145.0,7150.0,6190.0,7970.0,950,AnnealingEpsGreedyCountAgent,0.95,0.170486,0.364072,596,0.000301149,5000,ReplayBuffer,,0,0,5000,1,1,0,1,5000,1,True,0
AnnealingEpsGreedyCountAgent,sweep_c69,5,274416.0,177898.8664733421,79558.79171091023,114810.0,544375.0,244770.0,124280.0,343845.0,2137,AnnealingEpsGreedyCountAgent,0.95,0.288452,0.557832,9588,0.00492212,5000,ReplayBuffer,,0,0,5000,1,1,3,1,5000,1,True,0
AnnealingEpsGreedyCountAgent,sweep_c5,5,272716.0,107174.66068292448,47929.965350498635,194630.0,404435.0,195060.0,194785.0,374670.0,1675,AnnealingEpsGreedyCountAgent,0.95,0.029313,0.547654,9052,0.0173482,5000,ReplayBuffer,,0,0,5000,1,1,3,1,5000,1,True,0
AnnealingEpsGreedyCountAgent,sweep_c31,5,268541.0,263222.225396147,117716.55783491123,4555.0,594435.0,294750.0,4620.0,444345.0,4667,AnnealingEpsGreedyCountAgent,0.95,0.173105,0.812119,2775,0.00271782,5000,ReplayBuffer,,0,0,5000,1,1,1,1,5000,1,True,0
AnnealingEpsGreedyCountAgent,sweep_c80,5,266321.0,173002.3078747795,77368.98413447083,5255.0,474410.0,313780.0,214330.0,323830.0,1069,AnnealingEpsGreedyCountAgent,0.95,0.0125318,0.94086,665,0.0116442,5000,ReplayBuffer,,0,0,5000,1,1,2,1,5000,1,True,0
AnnealingEpsGreedyCountAgent,sweep_c19,5,259011.0,99196.83055672696,44362.17125547396,115480.0,394925.0,254945.0,254815.0,274890.0,2927,AnnealingEpsGreedyCountAgent,0.95,0.296206,0.762172,1349,0.00634238,5000,ReplayBuffer,,0,0,5000,1,1,1,1,5000,1,True,0
AnnealingEpsGreedyCountAgent,sweep_c39,5,245658.0,313199.9730922722,140067.28607708513,3930.0,682665.0,64095.0,4375.0,473225.0,12,AnnealingEpsGreedyCountAgent,0.95,0.0914869,0.590093,9741,0.00356508,5000,ReplayBuffer,,0,0,5000,1,1,2,1,5000,1,True,0
AnnealingEpsGreedyCountAgent,sweep_c66,5,245389.0,92325.93929931067,41289.41527195559,165905.0,405245.0,215160.0,215135.0,225500.0,693,AnnealingEpsGreedyCountAgent,0.95,0.0134398,0.99405,3244,0.167677,5000,ReplayBuffer,,0,0,5000,1,1,4,1,5000,1,True,0
AnnealingEpsGreedyCountAgent,sweep_c29,5,241736.0,159438.95647707934,71303.26898887595,85850.0,475480.0,235910.0,105425.0,306015.0,4125,AnnealingEpsGreedyCountAgent,0.95,0.0184651,0.545206,7653,0.0386993,5000,ReplayBuffer,,0,0,5000,1,1,1,1,5000,1,True,0
AnnealingEpsGreedyCountAgent,sweep_c83,5,241139.0,195611.56530225917,87480.15144019814,45240.0,544710.0,245330.0,95070.0,275345.0,4243,AnnealingEpsGreedyCountAgent,0.95,0.100538,0.701711,9832,0.0102262,5000,ReplayBuffer,,0,0,5000,1,1,0,1,5000,1,True,0
AnnealingEpsGreedyCountAgent,sweep_c88,5,232945.0,196684.69214710128,87960.0683549075,64960.0,544970.0,224830.0,65340.0,264625.0,3342,AnnealingEpsGreedyCountAgent,0.95,0.165446,0.483405,6294,0.00941977,5000,ReplayBuffer,,0,0,5000,1,1,2,1,5000,1,True,0
AnnealingEpsGreedyCountAgent,sweep_c35,5,231573.0,100526.36082142833,44956.75526547707,105680.0,375330.0,245610.0,175615.0,255630.0,1256,AnnealingEpsGreedyCountAgent,0.95,0.0936222,0.57205,9184,0.0394216,5000,ReplayBuffer,,0,0,5000,1,1,2,1,5000,1,True,0
AnnealingEpsGreedyCountAgent,sweep_c72,5,225637.0,406273.93428879976,181691.22691120778,3975.0,942165.0,13840.0,4210.0,163995.0,1768,AnnealingEpsGreedyCountAgent,0.95,0.0115396,0.445062,2397,0.00390674,5000,ReplayBuffer,,0,0,5000,1,1,0,1,5000,1,True,0
AnnealingEpsGreedyCountAgent,sweep_c14,5,220959.0,214580.56771874754,95963.34721392329,5695.0,534270.0,184900.0,54955.0,324975.0,1529,AnnealingEpsGreedyCountAgent,0.95,0.0190438,0.503231,540,0.0200726,5000,ReplayBuffer,,0,0,5000,1,1,2,1,5000,1,True,0
AnnealingEpsGreedyCountAgent,sweep_c55,5,220542.0,86402.49414802792,38640.37006810364,126455.0,326295.0,246750.0,136715.0,266495.0,4050,AnnealingEpsGreedyCountAgent,0.95,0.0789757,0.972842,7514,0.242907,5000,ReplayBuffer,,0,0,5000,1,1,3,1,5000,1,True,0
AnnealingEpsGreedyCountAgent,sweep_c63,5,211476.0,135200.40122906442,60463.45754668683,105635.0,445145.0,175610.0,135510.0,195480.0,2815,AnnealingEpsGreedyCountAgent,0.95,0.2767,0.888594,2036,0.0078708,5000,ReplayBuffer,,0,0,5000,1,1,0,1,5000,1,True,0
AnnealingEpsGreedyCountAgent,sweep_c52,5,208773.0,455337.56541987613,203633.1497976201,4390.0,1023305.0,5335.0,4935.0,5900.0,2843,AnnealingEpsGreedyCountAgent,0.95,0.0914715,0.664606,1885,0.000341729,5000,ReplayBuffer,,0,0,5000,1,1,4,1,5000,1,True,0
AnnealingEpsGreedyCountAgent,sweep_c2,5,205572.0,172749.3858020919,77255.8739449629,15895.0,385680.0,165475.0,75305.0,385505.0,2308,AnnealingEpsGreedyCountAgent,0.95,0.0556524,0.935679,2289,0.021554,5000,ReplayBuffer,,0,0,5000,1,1,3,1,5000,1,True,0
AnnealingEpsGreedyCountAgent,sweep_c56,5,203463.0,87442.20052411764,39105.34089481895,115615.0,295705.0,205170.0,115745.0,285080.0,1702,AnnealingEpsGreedyCountAgent,0.95,0.0623141,0.560714,6153,0.0363551,5000,ReplayBuffer,,0,0,5000,1,1,1,1,5000,1,True,0
AnnealingEpsGreedyCountAgent,sweep_c24,5,194050.0,64597.84739060583,28889.035593110406,126070.0,296135.0,186090.0,156040.0,205915.0,4967,AnnealingEpsGreedyCountAgent,0.95,0.0866906,0.318688,9436,0.0527663,5000,ReplayBuffer,,0,0,5000,1,1,3,1,5000,1,True,0
AnnealingEpsGreedyCountAgent,sweep_c37,5,193529.0,190914.6638029672,85379.63323299063,14325.0,513280.0,123510.0,113270.0,203260.0,2885,AnnealingEpsGreedyCountAgent,0.95,0.255792,0.468091,9996,0.00132902,5000,ReplayBuffer,,0,0,5000,1,1,2,1,5000,1,True,0
AnnealingEpsGreedyCountAgent,sweep_c3,5,190270.0,62513.695499466354,27956.974532305885,106445.0,275950.0,186385.0,166315.0,216255.0,4362,AnnealingEpsGreedyCountAgent,0.95,0.0234438,0.732858,9861,0.105491,5000,ReplayBuffer,,0,0,5000,1,1,1,1,5000,1,True,0
AnnealingEpsGreedyCountAgent,sweep_c50,5,187642.0,186069.86203439825,83212.97201458436,5280.0,445345.0,116065.0,55970.0,315550.0,3249,AnnealingEpsGreedyCountAgent,0.95,0.0504112,0.427555,1332,0.0567754,5000,ReplayBuffer,,0,0,5000,1,1,3,1,5000,1,True,0
AnnealingEpsGreedyCountAgent,sweep_c21,5,182120.0,315925.95625794976,141286.38280988013,3660.0,733640.0,4935.0,4695.0,163670.0,1806,AnnealingEpsGreedyCountAgent,0.95,0.0148943,0.812042,6095,0.00093787,5000,ReplayBuffer,,0,0,5000,1,1,4,1,5000,1,True,0
AnnealingEpsGreedyCountAgent,sweep_c36,5,169382.0,265090.57995805884,118552.11139621258,5000.0,614795.0,5860.0,5665.0,215590.0,374,AnnealingEpsGreedyCountAgent,0.95,0.0130858,0.620568,8918,0.0579817,5000,ReplayBuffer,,0,0,5000,1,1,4,1,5000,1,True,0
AnnealingEpsGreedyCountAgent,sweep_c4,5,164153.0,110237.92533651929,49299.898950200695,26405.0,296025.0,126190.0,115920.0,256225.0,2704,AnnealingEpsGreedyCountAgent,0.95,0.119688,0.517103,7735,0.406129,5000,ReplayBuffer,,0,0,5000,1,1,0,1,5000,1,True,0
AnnealingEpsGreedyCountAgent,sweep_c94,5,161550.0,76257.29571654112,34103.2994004979,55570.0,245310.0,145740.0,135620.0,225510.0,4498,AnnealingEpsGreedyCountAgent,0.95,0.0300924,0.392891,5679,0.0247287,5000,ReplayBuffer,,0,0,5000,1,1,0,1,5000,1,True,0
AnnealingEpsGreedyCountAgent,sweep_c85,5,159826.0,87893.78713822724,39307.296568194564,35755.0,255520.0,166140.0,115780.0,225935.0,3950,AnnealingEpsGreedyCountAgent,0.95,0.165827,0.71903,6366,0.0138569,5000,ReplayBuffer,,0,0,5000,1,1,1,1,5000,1,True,0
AnnealingEpsGreedyCountAgent,sweep_c13,5,159689.0,137412.81414955447,61452.87868358975,6165.0,345640.0,95975.0,95230.0,255435.0,3153,AnnealingEpsGreedyCountAgent,0.95,0.0759955,0.611492,5194,0.0224114,5000,ReplayBuffer,,0,0,5000,1,1,1,1,5000,1,True,0
AnnealingEpsGreedyCountAgent,sweep_c79,5,159573.0,90666.60400886316,40547.33797057459,55565.0,305440.0,145510.0,135605.0,155745.0,543,AnnealingEpsGreedyCountAgent,0.95,0.155639,0.802692,1386,0.0214681,5000,ReplayBuffer,,0,0,5000,1,1,1,1,5000,1,True,0
AnnealingEpsGreedyCountAgent,sweep_c67,5,157656.0,141005.62277795875,63059.6315482417,15525.0,385235.0,135835.0,75660.0,176025.0,3226,AnnealingEpsGreedyCountAgent,0.95,0.0102706,0.342809,9117,0.0998799,5000,ReplayBuffer,,0,0,5000,1,1,2,1,5000,1,True,0
AnnealingEpsGreedyCountAgent,sweep_c87,5,156180.0,97032.08889331405,43394.06935285051,76085.0,316280.0,116365.0,95955.0,176215.0,2725,AnnealingEpsGreedyCountAgent,0.95,0.0695589,0.511709,1075,0.0918294,5000,ReplayBuffer,,0,0,5000,1,1,4,1,5000,1,True,0
AnnealingEpsGreedyCountAgent,sweep_c0,5,153959.0,118181.34155821722,52852.30267925892,5765.0,256050.0,226200.0,46225.0,235555.0,2121,AnnealingEpsGreedyCountAgent,0.95,0.0418057,0.830568,8376,0.238609,5000,ReplayBuffer,,0,0,5000,1,1,0,1,5000,1,True,0
AnnealingEpsGreedyCountAgent,sweep_c22,5,144192.0,49583.976696106176,22174.628497451766,76255.0,215920.0,146065.0,136145.0,146575.0,824,AnnealingEpsGreedyCountAgent,0.95,0.160399,0.532775,2397,0.150776,5000,ReplayBuffer,,0,0,5000,1,1,0,1,5000,1,True,0
AnnealingEpsGreedyCountAgent,sweep_c74,5,136135.0,74958.32116916707,33522.380322703815,26100.0,206545.0,125775.0,116110.0,206145.0,3325,AnnealingEpsGreedyCountAgent,0.95,0.0165656,0.988092,6934,0.901072,5000,ReplayBuffer,,0,0,5000,1,1,0,1,5000,1,True,0
AnnealingEpsGreedyCountAgent,sweep_c96,5,135849.0,89422.13787703804,39990.79579728316,26290.0,275425.0,125825.0,115845.0,135860.0,2767,AnnealingEpsGreedyCountAgent,0.95,0.0859018,0.627032,2036,0.0275727,5000,ReplayBuffer,,0,0,5000,1,1,2,1,5000,1,True,0
AnnealingEpsGreedyCountAgent,sweep_c82,5,133903.0,61361.95366430244,27441.89992511451,45820.0,195680.0,165965.0,96085.0,165965.0,3131,AnnealingEpsGreedyCountAgent,0.95,0.035358,0.622515,8680,0.298388,5000,ReplayBuffer,,0,0,5000,1,1,2,1,5000,1,True,0
AnnealingEpsGreedyCountAgent,sweep_c38,5,133479.0,235052.0125791311,105118.45567501456,3675.0,552730.0,33130.0,24295.0,53565.0,1084,AnnealingEpsGreedyCountAgent,0.95,0.250435,0.551441,5083,0.00141746,5000,ReplayBuffer,,0,0,5000,1,1,3,1,5000,1,True,0
AnnealingEpsGreedyCountAgent,sweep_c32,5,131956.0,81771.0820981354,36569.13963302938,75680.0,275960.0,95995.0,95855.0,116290.0,1296,AnnealingEpsGreedyCountAgent,0.95,0.135977,0.44239,2653,0.0617715,5000,ReplayBuffer,,0,0,5000,1,1,3,1,5000,1,True,0
AnnealingEpsGreedyCountAgent,sweep_c15,5,129367.0,124942.00227505561,55875.762066391544,5750.0,305325.0,135305.0,15180.0,185275.0,735,AnnealingEpsGreedyCountAgent,0.95,0.0505701,0.759662,2133,0.0282548,5000,ReplayBuffer,,0,0,5000,1,1,3,1,5000,1,True,0
AnnealingEpsGreedyCountAgent,sweep_c41,5,126299.0,75894.15535797206,33940.89809507108,35980.0,206375.0,126235.0,66580.0,196325.0,258,AnnealingEpsGreedyCountAgent,0.95,0.195793,0.771643,6590,0.0694065,5000,ReplayBuffer,,0,0,5000,1,1,0,1,5000,1,True,0
AnnealingEpsGreedyCountAgent,sweep_c89,5,125669.0,67342.82797744687,30116.628230929175,25810.0,185655.0,135960.0,95590.0,185330.0,1043,AnnealingEpsGreedyCountAgent,0.95,0.0884733,0.343581,3914,0.17384,5000,ReplayBuffer,,0,0,5000,1,1,0,1,5000,1,True,0
AnnealingEpsGreedyCountAgent,sweep_c48,5,124212.0,46515.91832373085,20802.55108153805,66180.0,176145.0,136330.0,86380.0,156025.0,4328,AnnealingEpsGreedyCountAgent,0.95,0.164163,0.30165,1602,0.0740111,5000,ReplayBuffer,,0,0,5000,1,1,3,1,5000,1,True,0
AnnealingEpsGreedyCountAgent,sweep_c8,5,122070.0,96234.88173474315,43037.54747310771,15970.0,275915.0,96125.0,86590.0,135750.0,515,AnnealingEpsGreedyCountAgent,0.95,0.11987,0.533195,3130,0.205236,5000,ReplayBuffer,,0,0,5000,1,1,4,1,5000,1,True,0
AnnealingEpsGreedyCountAgent,sweep_c58,5,118528.0,165857.44958397257,74173.70636890137,5740.0,376225.0,8420.0,5795.0,196460.0,292,AnnealingEpsGreedyCountAgent,0.95,0.0315969,0.80295,675,0.144043,5000,ReplayBuffer,,0,0,5000,1,1,1,1,5000,1,True,0
AnnealingEpsGreedyCountAgent,sweep_c76,5,116924.0,57718.49307197824,25812.494813558802,26895.0,186470.0,117440.0,117310.0,136505.0,4446,AnnealingEpsGreedyCountAgent,0.95,0.195901,0.744545,9990,0.983404,5000,ReplayBuffer,,0,0,5000,1,1,3,1,5000,1,True,0
AnnealingEpsGreedyCountAgent,sweep_c23,5,114384.0,91455.11340269608,40899.97009167611,6155.0,225990.0,136740.0,36495.0,166540.0,4376,AnnealingEpsGreedyCountAgent,0.95,0.161059,0.453141,9865,0.26381,5000,ReplayBuffer,,0,0,5000,1,1,3,1,5000,1,True,0
AnnealingEpsGreedyCountAgent,sweep_c99,5,112316.0,13421.101575504152,6002.099091151362,96225.0,126645.0,106770.0,106000.0,125940.0,3211,AnnealingEpsGreedyCountAgent,0.95,0.0113868,0.997089,7283,0.276521,5000,ReplayBuffer,,0,0,5000,1,1,4,1,5000,1,True,0
AnnealingEpsGreedyCountAgent,sweep_c92,5,112094.0,61678.01121550532,27583.245158972866,16515.0,166095.0,115970.0,96020.0,165870.0,3819,AnnealingEpsGreedyCountAgent,0.95,0.0112711,0.54694,6335,0.174242,5000,ReplayBuffer,,0,0,5000,1,1,0,1,5000,1,True,0
AnnealingEpsGreedyCountAgent,sweep_c54,5,108999.0,80492.05025963744,35997.139205775784,17210.0,236510.0,96930.0,77095.0,117250.0,4648,AnnealingEpsGreedyCountAgent,0.95,0.250092,0.690849,688,0.0529648,5000,ReplayBuffer,,0,0,5000,1,1,3,1,5000,1,True,0
AnnealingEpsGreedyCountAgent,sweep_c71,5,107801.0,114085.9136462517,51020.77163763794,6395.0,284965.0,85750.0,15895.0,146000.0,974,AnnealingEpsGreedyCountAgent,0.95,0.0999757,0.616128,8144,0.409301,5000,ReplayBuffer,,0,0,5000,1,1,2,1,5000,1,True,0
AnnealingEpsGreedyCountAgent,sweep_c75,5,106527.0,112764.18755526951,50429.67776022369,7030.0,295910.0,96350.0,36530.0,96815.0,2641,AnnealingEpsGreedyCountAgent,0.95,0.22625,0.646784,8166,0.324061,5000,ReplayBuffer,,0,0,5000,1,1,3,1,5000,1,True,0
AnnealingEpsGreedyCountAgent,sweep_c57,5,103098.0,125304.77063942936,56037.997010956766,5025.0,244955.0,25090.0,5335.0,235085.0,2731,AnnealingEpsGreedyCountAgent,0.95,0.016714,0.306228,5529,0.0223101,5000,ReplayBuffer,,0,0,5000,1,1,2,1,5000,1,True,0
AnnealingEpsGreedyCountAgent,sweep_c16,5,100881.0,94918.56084296685,42448.87087426472,6910.0,246655.0,76880.0,37005.0,136955.0,4428,AnnealingEpsGreedyCountAgent,0.95,0.175556,0.946367,6410,0.321426,5000,ReplayBuffer,,0,0,5000,1,1,1,1,5000,1,True,0
AnnealingEpsGreedyCountAgent,sweep_c60,5,100201.0,86855.90706739525,38843.142490020036,6305.0,186085.0,146130.0,6560.0,155925.0,1963,AnnealingEpsGreedyCountAgent,0.95,0.0147814,0.390749,790,0.906175,5000,ReplayBuffer,,0,0,5000,1,1,1,1,5000,1,True,0
AnnealingEpsGreedyCountAgent,sweep_c17,5,99721.0,43996.18483459674,19675.692008160728,25590.0,135650.0,115610.0,95795.0,125960.0,1929,AnnealingEpsGreedyCountAgent,0.95,0.0589858,0.667202,3525,0.224626,5000,ReplayBuffer,,0,0,5000,1,1,3,1,5000,1,True,0
AnnealingEpsGreedyCountAgent,sweep_c18,5,97175.0,73024.15756104277,32657.396061229374,46990.0,216895.0,57450.0,47225.0,117315.0,4748,AnnealingEpsGreedyCountAgent,0.95,0.252882,0.712861,4509,0.380326,5000,ReplayBuffer,,0,0,5000,1,1,3,1,5000,1,True,0
AnnealingEpsGreedyCountAgent,sweep_c70,5,96334.0,134309.10130181053,60064.856101550766,6670.0,315705.0,16430.0,6750.0,136115.0,523,AnnealingEpsGreedyCountAgent,0.95,0.0338515,0.601855,452,0.128351,5000,ReplayBuffer,,0,0,5000,1,1,3,1,5000,1,True,0
AnnealingEpsGreedyCountAgent,sweep_c46,5,94363.0,48472.50220485838,21677.561993914354,46335.0,156225.0,96435.0,46825.0,125995.0,1069,AnnealingEpsGreedyCountAgent,0.95,0.278913,0.974126,241,0.0156404,5000,ReplayBuffer,,0,0,5000,1,1,4,1,5000,1,True,0
AnnealingEpsGreedyCountAgent,sweep_c84,5,92545.0,32018.255925331097,14318.999354005153,46825.0,126650.0,96265.0,76465.0,116520.0,1688,AnnealingEpsGreedyCountAgent,0.95,0.217745,0.822876,4745,0.916495,5000,ReplayBuffer,,0,0,5000,1,1,3,1,5000,1,True,0
AnnealingEpsGreedyCountAgent,sweep_c12,5,91089.0,44844.09972337498,20054.891074249193,27445.0,137235.0,97175.0,67115.0,126475.0,4941,AnnealingEpsGreedyCountAgent,0.95,0.265281,0.678199,8965,0.181079,5000,ReplayBuffer,,0,0,5000,1,1,4,1,5000,1,True,0
AnnealingEpsGreedyCountAgent,sweep_c98,5,90380.0,70666.13200465977,31602.854973878544,16385.0,166150.0,56675.0,46710.0,165980.0,995,AnnealingEpsGreedyCountAgent,0.95,0.194464,0.941821,8503,0.157531,5000,ReplayBuffer,,0,0,5000,1,1,2,1,5000,1,True,0
AnnealingEpsGreedyCountAgent,sweep_c62,5,90280.0,62666.74586652797,28025.420737252098,16445.0,186410.0,75870.0,66625.0,106050.0,4594,AnnealingEpsGreedyCountAgent,0.95,0.0144708,0.509458,7883,0.219907,5000,ReplayBuffer,,0,0,5000,1,1,2,1,5000,1,True,0
AnnealingEpsGreedyCountAgent,sweep_c53,5,89929.0,118007.78392758674,52774.68534723821,5985.0,255575.0,6800.0,6065.0,175220.0,333,AnnealingEpsGreedyCountAgent,0.95,0.0106521,0.494887,3370,0.307224,5000,ReplayBuffer,,0,0,5000,1,1,4,1,5000,1,True,0
AnnealingEpsGreedyCountAgent,sweep_c77,5,87913.0,78665.61483583535,35180.33245294876,36385.0,226200.0,55440.0,45825.0,75715.0,2607,AnnealingEpsGreedyCountAgent,0.95,0.110217,0.306793,5272,0.531195,5000,ReplayBuffer,,0,0,5000,1,1,1,1,5000,1,True,0
AnnealingEpsGreedyCountAgent,sweep_c97,5,83882.0,64428.97063821523,28813.51161347745,6690.0,155355.0,115995.0,25090.0,116280.0,1041,AnnealingEpsGreedyCountAgent,0.95,0.027403,0.799532,6351,0.754991,5000,ReplayBuffer,,0,0,5000,1,1,1,1,5000,1,True,0
AnnealingEpsGreedyCountAgent,sweep_c9,5,82142.0,53024.766925466065,23713.396667284927,6320.0,125845.0,115570.0,46350.0,116625.0,1167,AnnealingEpsGreedyCountAgent,0.95,0.153687,0.455193,8896,0.465667,5000,ReplayBuffer,,0,0,5000,1,1,2,1,5000,1,True,0
AnnealingEpsGreedyCountAgent,sweep_c26,5,74014.0,60059.00717211366,26859.20453959871,16025.0,136100.0,66115.0,16160.0,135670.0,1014,AnnealingEpsGreedyCountAgent,0.95,0.271537,0.436214,7851,0.0264251,5000,ReplayBuffer,,0,0,5000,1,1,3,1,5000,1,True,0
AnnealingEpsGreedyCountAgent,sweep_c81,5,53878.0,106213.4280940974,47500.08906833754,3520.0,243720.0,4120.0,4115.0,13915.0,1316,AnnealingEpsGreedyCountAgent,0.95,0.0459855,0.831229,2438,0.00159145,5000,ReplayBuffer,,0,0,5000,1,1,0,1,5000,1,True,0
AnnealingEpsGreedyCountAgent,sweep_c90,5,49964.0,81380.9549587617,36394.66947232794,3945.0,194015.0,14005.0,4725.0,33130.0,294,AnnealingEpsGreedyCountAgent,0.95,0.0120787,0.880958,7886,0.00140719,5000,ReplayBuffer,,0,0,5000,1,1,0,1,5000,1,True,0
AnnealingEpsGreedyCountAgent,sweep_c42,5,36332.0,36437.330205436294,16295.269451592385,6170.0,76150.0,16585.0,6920.0,75835.0,383,AnnealingEpsGreedyCountAgent,0.95,0.138233,0.697231,2714,0.306728,5000,ReplayBuffer,,0,0,5000,1,1,4,1,5000,1,True,0
AnnealingEpsGreedyCountAgent,sweep_c7,5,35450.0,64117.205276743,28674.085905221113,5165.0,150115.0,6870.0,5940.0,9160.0,9,AnnealingEpsGreedyCountAgent,0.95,0.111977,0.888064,8086,0.000236095,5000,ReplayBuffer,,0,0,5000,1,1,0,1,5000,1,True,0
AnnealingEpsGreedyCountAgent,sweep_c27,5,26269.0,31745.303077778295,14196.931129649112,4275.0,73980.0,4645.0,4285.0,44160.0,186,AnnealingEpsGreedyCountAgent,0.95,0.242112,0.860523,8916,0.000695514,5000,ReplayBuffer,,0,0,5000,1,1,0,1,5000,1,True,0
AnnealingEpsGreedyCountAgent,sweep_c11,5,23017.0,39955.066574841294,17868.448981374964,4825.0,94490.0,5260.0,5220.0,5290.0,4484,AnnealingEpsGreedyCountAgent,0.95,0.11058,0.685887,5451,0.000273043,5000,ReplayBuffer,,0,0,5000,1,1,1,1,5000,1,True,0
AnnealingEpsGreedyCountAgent,sweep_c86,5,21642.0,210.28552018624583,94.04254356406997,21285.0,21835.0,21700.0,21655.0,21735.0,167,AnnealingEpsGreedyCountAgent,0.95,0.1894,0.4635,3,0.026898,5000,ReplayBuffer,,0,0,5000,1,1,1,1,5000,1,True,0
AnnealingEpsGreedyCountAgent,sweep_c30,5,16457.0,20555.30363434216,9192.61124490751,5050.0,53145.0,7710.0,7575.0,8805.0,1633,AnnealingEpsGreedyCountAgent,0.95,0.288233,0.370645,4262,0.000143719,5000,ReplayBuffer,,0,0,5000,1,1,2,1,5000,1,True,0
AnnealingEpsGreedyCountAgent,sweep_c78,5,14195.0,14511.535497665296,6489.755966136168,5385.0,40025.0,8540.0,7815.0,9210.0,1277,AnnealingEpsGreedyCountAgent,0.95,0.0239577,0.403857,6209,0.000138635,5000,ReplayBuffer,,0,0,5000,1,1,0,1,5000,1,True,0
AnnealingEpsGreedyCountAgent,sweep_c51,5,11215.0,8611.760853623375,3851.2965349346964,6350.0,26575.0,7500.0,7460.0,8190.0,948,AnnealingEpsGreedyCountAgent,0.95,0.151858,0.939717,4202,0.000122287,5000,ReplayBuffer,,0,0,5000,1,1,2,1,5000,1,True,0
AnnealingEpsGreedyCountAgent,sweep_c65,5,11190.0,5378.906719771221,2405.520214007772,7155.0,17260.0,7380.0,7255.0,16900.0,4624,AnnealingEpsGreedyCountAgent,0.95,0.228293,0.92608,6153,0.0868968,5000,ReplayBuffer,,0,0,5000,1,1,1,1,5000,1,True,0
AnnealingEpsGreedyCountAgent,sweep_c34,5,7463.0,925.7064869600947,413.98852641105884,6160.0,8735.0,7425.0,7265.0,7730.0,4166,AnnealingEpsGreedyCountAgent,0.95,0.213577,0.776896,5102,0.000112931,5000,ReplayBuffer,,0,0,5000,1,1,2,1,5000,1,True,0
AnnealingEpsGreedyCountAgent,sweep_c44,5,5966.0,634.0189271622733,283.54188403126614,5445.0,7015.0,5795.0,5520.0,6055.0,318,AnnealingEpsGreedyCountAgent,0.95,0.0100024,0.722784,8103,0.428706,5000,ReplayBuffer,,0,0,5000,1,1,2,1,5000,1,True,0
