parent_run_id,parent_name,eval_auc_mean,eval_auc_se,eval_last100_mean,eval_last100_se,eval_full_mean,eval_full_se,eval_n_seeds,train_auc_mean,train_auc_se,train_last100_mean,train_last100_se,train_full_mean,train_full_se,train_n_seeds,param.num_actions,param.m,param.initial_value,param.learning_rate,param.num_states,param.r_max,param.discount,param.horizon
dbb1960a198f4419b585199491ecec89,rmax_dtp_planner_lr0p2_m_1_hz7,0.0,0.0,0.0,0.0,0.0,0.0,7,-1037.8123025099437,148.50903682758718,0.0,0.0,-0.006918748683399625,0.0009900602455172479,7,2,1,0.0,0.2,252,6.0,0.9,7
e40a590808e7492a9de892c3c1e65b4a,rmax_dtp_planner_lr0p2_m_1_hz6,0.0,0.0,0.0,0.0,0.0,0.0,11,-1257.4464917182922,95.29223094551789,0.0,0.0,-0.00838297661145528,0.0006352815396367858,11,2,1,0.0,0.2,252,6.0,0.9,6
05945bdf36844390a712abbac05f5053,rmax_dtp_planner_lr0p2_m_1_hz5,0.0,0.0,0.0,0.0,0.0,0.0,11,-988.0654573440552,93.53480266865584,0.0,0.0,-0.006587103048960367,0.0006235653511243724,11,2,1,0.0,0.2,252,6.0,0.9,5
3015c11a0d0843afae03634b1ebc0cb1,rmax_dtp_planner_lr0p2_m_1_hz4,0.0,0.0,0.0,0.0,0.0,0.0,11,-948.9523351192474,73.21451412679338,0.0,0.0,-0.0063263489007949845,0.00048809676084528915,11,2,1,0.0,0.2,252,6.0,0.9,4
e17c1751299a478799f50364bfc5924e,rmax_dtp_planner_lr0p2_m_1_hz3,0.0,0.0,0.0,0.0,0.0,0.0,11,-1178.790259361267,72.9993239334924,0.0,0.0,-0.007858601729075114,0.000486662159556616,11,2,1,0.0,0.2,252,6.0,0.9,3
ce8917916bc54b499f1571908e7de6d2,rmax_dtp_planner_lr0p2_m_1_hz2,0.0,0.0,0.0,0.0,0.0,0.0,11,-1127.3705065250397,102.36259690476577,0.0,0.0,-0.007515803376833598,0.0006824173126984382,11,2,1,0.0,0.2,252,6.0,0.9,2
5b4a27e831164e5b8bedea0b9aad8cfb,rmax_dtp_planner_lr0p2_m_1_hz1,0.0,0.0,0.0,0.0,0.0,0.0,11,-968.0875182151794,112.02165424378568,0.0,0.0,-0.006453916788101197,0.0007468110282919046,11,2,1,0.0,0.2,252,6.0,0.9,1
0ee3104ba9b946589b0cae6a31f4b5ad,rmax_dtp_planner_lr0p1_m_30_hz3,0.0,0.0,0.0,0.0,0.0,0.0,11,-10712.969213724136,831.967444053,0.0,0.0,-0.03960975793997446,0.0025974215796760645,11,2,30,0.0,0.1,252,6.0,0.9,3
3f1343d575b84018abc5d8deaa63f4c7,rmax_dtp_planner_lr0p1_m_30_hz2,0.0,0.0,0.0,0.0,0.0,0.0,11,-11976.702064275742,542.0855008388218,0.0,0.0,-0.043659294048945106,0.0019383599397404887,11,2,30,0.0,0.1,252,6.0,0.9,2
ad125c4565f14fcb90bd177bb2383fcf,rmax_dtp_planner_lr0p1_m_25_hz7,0.0,0.0,0.0,0.0,0.0,0.0,11,-8156.179016828537,820.8929936881792,0.0,0.0,-0.03166524376471837,0.002984424692694928,11,2,25,0.0,0.1,252,6.0,0.9,7
fc0cf6cd4fdd4345943d03b2c32a20af,rmax_dtp_planner_lr0p1_m_25_hz5,0.0,0.0,0.0,0.0,0.0,0.0,11,-9554.033532738686,722.3483798103225,0.0,0.0,-0.03578322944045067,0.002438071753287354,11,2,25,0.0,0.1,252,6.0,0.9,5
53edf1c24f1d46bb855cae220b3d984d,rmax_dtp_planner_lr0p1_m_25_hz4,0.0,0.0,0.0,0.0,0.0,0.0,11,-8607.235985994339,583.4782845745835,0.0,0.0,-0.0328336272239685,0.0019853296499734224,11,2,25,0.0,0.1,252,6.0,0.9,4
4821bf00456a4677bef18ed3b3398f7b,rmax_dtp_planner_lr0p1_m_25_hz1,0.0,0.0,0.0,0.0,0.0,0.0,11,-9291.865074634552,749.7381971774463,0.0,0.0,-0.03485696681340535,0.002605142682353977,11,2,25,0.0,0.1,252,6.0,0.9,1
b4586974426e4fa3bd83b9ecb258efdd,rmax_dtp_planner_lr0p1_m_20_hz4,0.0,0.0,0.0,0.0,0.0,0.0,11,-7622.319757938385,493.88004683621875,0.0,0.0,-0.029462775905927018,0.0018794081414967706,11,2,20,0.0,0.1,252,6.0,0.9,4
6fa2e15a94ac49a5a2c3da46b28caf05,rmax_dtp_planner_lr0p1_m_20_hz2,0.0,0.0,0.0,0.0,0.0,0.0,11,-7301.114189624786,607.3752531650042,0.0,0.0,-0.028290842731793726,0.0020978445648719038,11,2,20,0.0,0.1,252,6.0,0.9,2
71a393f12f814657a193ca47edc9da96,rmax_dtp_planner_lr0p1_m_15_hz7,0.0,0.0,0.0,0.0,0.0,0.0,11,-5030.106782913208,514.8615774056959,0.0,0.0,-0.02073374706506729,0.0018416016148542894,11,2,15,0.0,0.1,252,6.0,0.9,7
4a1e8488ef69466480cf8a27991da890,rmax_dtp_planner_lr0p1_m_15_hz4,0.0,0.0,0.0,0.0,0.0,0.0,11,-5172.159838676453,439.95152040336745,0.0,0.0,-0.021670141339302063,0.0014267911379181393,11,2,15,0.0,0.1,252,6.0,0.9,4
e6c6c56fcd6b4a099ecd081ce77094e2,rmax_dtp_planner_lr0p1_m_15_hz3,0.0,0.0,0.0,0.0,0.0,0.0,11,-4760.652714967728,556.2975401369239,0.0,0.0,-0.020184022506078085,0.0018374033606291232,11,2,15,0.0,0.1,252,6.0,0.9,3
9f1f347c73f14c2385047e5684421567,rmax_dtp_planner_lr0p1_m_10_hz7,0.0,0.0,0.0,0.0,0.0,0.0,11,-3390.7759070396423,554.4889932263819,0.0,0.0,-0.015237488210201263,0.0020241276237490586,11,2,10,0.0,0.1,252,6.0,0.9,7
b2d8054cb36a4c77aaacc4f32f6c7317,rmax_dtp_planner_lr0p1_m_10_hz6,0.0,0.0,0.0,0.0,0.0,0.0,11,-2872.159218788147,305.4978008594824,0.0,0.0,-0.013808614095052083,0.0011242002979370558,11,2,10,0.0,0.1,252,6.0,0.9,6
3203bfcde14b4d7eadc4715253256d47,rmax_dtp_planner_lr0p1_m_10_hz5,0.0,0.0,0.0,0.0,0.0,0.0,11,-3803.211510181427,438.6192750873203,0.0,0.0,-0.01660896984736125,0.001659877427659723,11,2,10,0.0,0.1,252,6.0,0.9,5
59d298c68ae546d9b295da21b6fd109a,rmax_dtp_planner_lr0p1_m_5_hz7,0.0,0.0,0.0,0.0,0.0,0.0,11,-1601.6525268554688,215.68945155700783,0.0,0.0,-0.010029451608657838,0.0007996184401879635,11,2,5,0.0,0.1,252,6.0,0.9,7
4e650c1d31b54f57983155adf67e2544,rmax_dtp_planner_lr0p1_m_5_hz6,0.0,0.0,0.0,0.0,0.0,0.0,11,-1186.9464695453644,100.83725115944543,0.0,0.0,-0.007912976463635762,0.0006722483410629696,11,2,5,0.0,0.1,252,6.0,0.9,6
56db74fd2002451e803150df3d7532e1,rmax_dtp_planner_lr0p1_m_5_hz5,0.0,0.0,0.0,0.0,0.0,0.0,11,-1391.0999357700348,174.39649239076422,0.0,0.0,-0.008872990091641744,0.0009028091284631161,11,2,5,0.0,0.1,252,6.0,0.9,5
ad861c7fe4424df59aa3a3f1d18bf35e,rmax_dtp_planner_lr0p1_m_5_hz4,0.0,0.0,0.0,0.0,0.0,0.0,11,-1869.8813378810883,318.55666330402335,0.0,0.0,-0.010558797041575115,0.0011341700286326701,11,2,5,0.0,0.1,252,6.0,0.9,4
f585ce87e16a4af5a46a56834e9205f4,rmax_dtp_planner_lr0p1_m_5_hz3,0.0,0.0,0.0,0.0,0.0,0.0,11,-1597.4783062934875,330.82207496560693,0.0,0.0,-0.009150050719579061,0.0011951528122593404,11,2,5,0.0,0.1,252,6.0,0.9,3
476bbf0d3c2d49ca84ea51eb5932ea8d,rmax_dtp_planner_lr0p1_m_5_hz2,0.0,0.0,0.0,0.0,0.0,0.0,11,-1238.4650886058807,108.61807903339962,0.0,0.0,-0.008256433924039205,0.0007241205268893309,11,2,5,0.0,0.1,252,6.0,0.9,2
0483e5add358407bbac5f3e142263940,rmax_dtp_planner_lr0p1_m_5_hz1,0.0,0.0,0.0,0.0,0.0,0.0,11,-1177.055263519287,106.8852197610353,0.0,0.0,-0.007847035090128582,0.0007125681317402355,11,2,5,0.0,0.1,252,6.0,0.9,1
13bfd80998914afc97f90cf9a388db1d,rmax_dtp_planner_lr0p1_m_1_hz7,0.0,0.0,0.0,0.0,0.0,0.0,11,-1209.9805653095245,63.7554879891251,0.0,0.0,-0.008066537102063499,0.0004250365865941673,11,2,1,0.0,0.1,252,6.0,0.9,7
fced4f6d40f040e5825e0f25c3e9bc46,rmax_dtp_planner_lr0p1_m_1_hz6,0.0,0.0,0.0,0.0,0.0,0.0,11,-1084.6595227718353,130.3390171861974,0.0,0.0,-0.00723106348514557,0.0008689267812413159,11,2,1,0.0,0.1,252,6.0,0.9,6
926e49f9585d42c88eb1b955ff667f94,rmax_dtp_planner_lr0p1_m_1_hz5,0.0,0.0,0.0,0.0,0.0,0.0,11,-1076.0852456092834,68.44835814303309,0.0,0.0,-0.007173901637395223,0.00045632238762022064,11,2,1,0.0,0.1,252,6.0,0.9,5
63c191fe8c0e416581eec002489afd2d,rmax_dtp_planner_lr0p1_m_1_hz4,0.0,0.0,0.0,0.0,0.0,0.0,11,-1002.7136206626892,63.16461015171398,0.0,0.0,-0.0066847574710845944,0.00042109740101142654,11,2,1,0.0,0.1,252,6.0,0.9,4
b943a5b431d747e39e93fe9f7f3423a6,rmax_dtp_planner_lr0p1_m_1_hz3,0.0,0.0,0.0,0.0,0.0,0.0,11,-1262.2439444065094,88.7518659307446,0.0,0.0,-0.00841495962937673,0.000591679106204964,11,2,1,0.0,0.1,252,6.0,0.9,3
1617e3a57acf4dbe8dd74a1bcd71b838,rmax_dtp_planner_lr0p1_m_1_hz2,0.0,0.0,0.0,0.0,0.0,0.0,11,-1227.481746673584,111.31440696272387,0.0,0.0,-0.00818321164449056,0.000742096046418159,11,2,1,0.0,0.1,252,6.0,0.9,2
273821127fb84100bb57fd1d043d961e,rmax_dtp_planner_lr0p1_m_1_hz1,0.0,0.0,0.0,0.0,0.0,0.0,11,-1237.4778985977173,98.02864010509396,0.0,0.0,-0.008249852657318115,0.0006535242673672931,11,2,1,0.0,0.1,252,6.0,0.9,1
395bfe9c49a24d498ac63243221388d2,rmax_dtp_planner_lr0p05_m_30_hz3,0.0,0.0,0.0,0.0,0.0,0.0,11,-12385.43348312378,661.532256277599,0.0,0.0,-0.045810578862826024,0.0022834686985927586,11,2,30,0.0,0.05,252,6.0,0.9,3
26762559fd244ad399bd236ce524962d,rmax_dtp_planner_lr0p05_m_25_hz6,0.0,0.0,0.0,0.0,0.0,0.0,11,-8592.054261267185,816.7406454484363,0.0,0.0,-0.03252600338558356,0.0026269684473411376,11,2,25,0.0,0.05,252,6.0,0.9,6
c18afd49e57e4cc18e5efd0cf319d0b3,rmax_dtp_planner_lr0p05_m_25_hz5,0.0,0.0,0.0,0.0,0.0,0.0,11,-9279.773473739624,729.970109630002,0.0,0.0,-0.035488627513249715,0.002576271401006038,11,2,25,0.0,0.05,252,6.0,0.9,5
29cca2a0be0347c3b83448c04394db7a,rmax_dtp_planner_lr0p05_m_25_hz4,0.0,0.0,0.0,0.0,0.0,0.0,11,-8860.55412888527,983.7036087842395,0.0,0.0,-0.03393580138683319,0.0033197589965708006,11,2,25,0.0,0.05,252,6.0,0.9,4
1e3754033edf4f28a40e8f197611ff9f,rmax_dtp_planner_lr0p05_m_25_hz2,0.0,0.0,0.0,0.0,0.0,0.0,11,-9252.766317129135,887.3772370652969,0.0,0.0,-0.035033766945203146,0.0029545289709015784,11,2,25,0.0,0.05,252,6.0,0.9,2
2030289db0d74f5ebc68284146348875,rmax_dtp_planner_lr0p05_m_20_hz4,0.0,0.0,0.0,0.0,0.0,0.0,11,-7224.731528759003,623.4074124599888,0.0,0.0,-0.028356548547744755,0.002277218776977081,11,2,20,0.0,0.05,252,6.0,0.9,4
0aa2fe1e5c424825a0d6d626677ae860,rmax_dtp_planner_lr0p05_m_15_hz6,0.0,0.0,0.0,0.0,0.0,0.0,11,-5150.352090597153,461.67695887797373,0.0,0.0,-0.02114281149705251,0.0015885688618995433,11,2,15,0.0,0.05,252,6.0,0.9,6
e9e65e010610431988dabda41eb3efe1,rmax_dtp_planner_lr0p05_m_15_hz3,0.0,0.0,0.0,0.0,0.0,0.0,11,-5906.054764986038,216.9692011567523,0.0,0.0,-0.02377934006849925,0.0009631914819652444,11,2,15,0.0,0.05,252,6.0,0.9,3
ff73fce6cded4e7d8edcb6b0712de2d8,rmax_dtp_planner_lr0p05_m_15_hz1,0.0,0.0,0.0,0.0,0.0,0.0,11,-5400.903284549713,544.4695861960852,0.0,0.0,-0.022143642067909242,0.001834491963780502,11,2,15,0.0,0.05,252,6.0,0.9,1
222c417d81eb4edf8640551eeabff082,rmax_dtp_planner_lr0p05_m_10_hz7,0.0,0.0,0.0,0.0,0.0,0.0,11,-3467.052483558655,466.3905073231919,0.0,0.0,-0.015653605063756307,0.0015403191062879126,11,2,10,0.0,0.05,252,6.0,0.9,7
d473c5f67dec4e7592448827cb2d427c,rmax_dtp_planner_lr0p05_m_10_hz6,0.0,0.0,0.0,0.0,0.0,0.0,11,-3235.7792913913727,292.9073735329204,0.0,0.0,-0.015073877096176146,0.0010763360513424336,11,2,10,0.0,0.05,252,6.0,0.9,6
d549a47944754619a7148fb68eed5de0,rmax_dtp_planner_lr0p05_m_10_hz5,0.0,0.0,0.0,0.0,0.0,0.0,11,-3517.7482962608337,379.01664462386725,0.0,0.0,-0.015751675645510357,0.001428710977976203,11,2,10,0.0,0.05,252,6.0,0.9,5
be29407e99694eb6902be17ede9e76cb,rmax_dtp_planner_lr0p05_m_10_hz4,0.0,0.0,0.0,0.0,0.0,0.0,11,-3196.0236072540283,542.8369560321862,0.0,0.0,-0.015123143235842388,0.00189682876129904,11,2,10,0.0,0.05,252,6.0,0.9,4
b70145f54aab44b991ad0fec5631bf07,rmax_dtp_planner_lr0p05_m_10_hz2,0.0,0.0,0.0,0.0,0.0,0.0,11,-3170.247560739517,363.74249162738073,0.0,0.0,-0.014958904882272084,0.0013355620049126046,11,2,10,0.0,0.05,252,6.0,0.9,2
cb45d33941204c33b7ed269b23eded6b,rmax_dtp_planner_lr0p05_m_5_hz7,0.0,0.0,0.0,0.0,0.0,0.0,11,-1191.4413809776306,70.60681234379598,0.0,0.0,-0.00794294253985087,0.0004707120822919732,11,2,5,0.0,0.05,252,6.0,0.9,7
ce503694a90f4017b78793fa596755bd,rmax_dtp_planner_lr0p05_m_5_hz6,0.0,0.0,0.0,0.0,0.0,0.0,11,-1502.1450340747833,286.41143649223994,0.0,0.0,-0.008936360001564026,0.0008597020637442566,11,2,5,0.0,0.05,252,6.0,0.9,6
50f01c78844f4c749a68c469ec338008,rmax_dtp_planner_lr0p05_m_5_hz5,0.0,0.0,0.0,0.0,0.0,0.0,11,-1475.948816537857,159.01143309433832,0.0,0.0,-0.009459557255109151,0.0008358598027593568,11,2,5,0.0,0.05,252,6.0,0.9,5
e0c6f0c5579147d5a32708f723683f32,rmax_dtp_planner_lr0p05_m_5_hz4,0.0,0.0,0.0,0.0,0.0,0.0,11,-1299.709928035736,81.88270297510432,0.0,0.0,-0.008664732853571574,0.0005458846865006954,11,2,5,0.0,0.05,252,6.0,0.9,4
16f76165054a49fe9e96ac6b6682cc3a,rmax_dtp_planner_lr0p05_m_5_hz3,0.0,0.0,0.0,0.0,0.0,0.0,11,-1227.695107460022,83.61931646491509,0.0,0.0,-0.008184634049733481,0.0005574621097661006,11,2,5,0.0,0.05,252,6.0,0.9,3
1052eaf596494551a3e3d5baf08624de,rmax_dtp_planner_lr0p05_m_5_hz2,0.0,0.0,0.0,0.0,0.0,0.0,11,-1709.4318568706512,282.6127348697692,0.0,0.0,-0.009534121791521709,0.0009313472913519779,11,2,5,0.0,0.05,252,6.0,0.9,2
ffe8ec0cf55c42e087c868b5ea8c5913,rmax_dtp_planner_lr0p05_m_5_hz1,0.0,0.0,0.0,0.0,0.0,0.0,11,-1305.0127148628235,99.3641402488275,0.0,0.0,-0.00853341809908549,0.000597429056948926,11,2,5,0.0,0.05,252,6.0,0.9,1
bf7b15fb5946465183a16cb04ac670b7,rmax_dtp_planner_lr0p05_m_1_hz7,0.0,0.0,0.0,0.0,0.0,0.0,11,-1159.397041797638,108.64336180282031,0.0,0.0,-0.007729313611984254,0.0007242890786854687,11,2,1,0.0,0.05,252,6.0,0.9,7
c379922a9d9344ac8860d1846f852196,rmax_dtp_planner_lr0p05_m_1_hz6,0.0,0.0,0.0,0.0,0.0,0.0,11,-1122.2558379173279,91.42253765880217,0.0,0.0,-0.007481705586115518,0.0006094835843920145,11,2,1,0.0,0.05,252,6.0,0.9,6
3c29634003e54d9689291244dc144f8d,rmax_dtp_planner_lr0p05_m_1_hz5,0.0,0.0,0.0,0.0,0.0,0.0,11,-1195.7655727863312,107.9885581883299,0.0,0.0,-0.007971770485242207,0.0007199237212555328,11,2,1,0.0,0.05,252,6.0,0.9,5
36b3eb570c734d25bf95aad3a11be155,rmax_dtp_planner_lr0p05_m_1_hz4,0.0,0.0,0.0,0.0,0.0,0.0,11,-1222.9568481445312,82.30394016700978,0.0,0.0,-0.008153045654296875,0.0005486929344467318,11,2,1,0.0,0.05,252,6.0,0.9,4
31fe0d882df44d7c86cb373a8741dbcf,rmax_dtp_planner_lr0p05_m_1_hz3,0.0,0.0,0.0,0.0,0.0,0.0,11,-1121.6314792633057,123.09098076044923,0.0,0.0,-0.0074775431950887036,0.0008206065384029948,11,2,1,0.0,0.05,252,6.0,0.9,3
3c3779080d0243fb8665fd61deade87b,rmax_dtp_planner_lr0p05_m_1_hz2,0.0,0.0,0.0,0.0,0.0,0.0,11,-1346.6575860977173,80.01539244041021,0.0,0.0,-0.00897771724065145,0.0005334359496027347,11,2,1,0.0,0.05,252,6.0,0.9,2
9334d831465d446e8419e07acb6c5937,rmax_dtp_planner_lr0p05_m_1_hz1,0.0,0.0,0.0,0.0,0.0,0.0,11,-949.6920049190521,85.81385844425111,0.0,0.0,-0.006331280032793681,0.0005720923896283407,11,2,1,0.0,0.05,252,6.0,0.9,1
59c2322dc8e949a6ba658a9dc65d0a78,rmax_dtp_planner_lr0p03_m_30_hz6,0.0,0.0,0.0,0.0,0.0,0.0,11,-12389.475756883621,616.6192765796491,0.0,0.0,-0.04508813126881917,0.002116261573020724,11,2,30,0.0,0.03,252,6.0,0.9,6
9ee87e9f46744d1390e828745866d2bd,rmax_dtp_planner_lr0p03_m_30_hz5,0.0,0.0,0.0,0.0,0.0,0.0,11,-10522.934067249298,1071.6378420743686,0.0,0.0,-0.039616731246312466,0.0036313808043846496,11,2,30,0.0,0.03,252,6.0,0.9,5
96e4e6ea345e4a3a9a43066606e2b7b6,rmax_dtp_planner_lr0p03_m_30_hz4,0.0,0.0,0.0,0.0,0.0,0.0,11,-10080.54347038269,1008.3375383194847,0.0,0.0,-0.037515240669250494,0.0034364055328905234,11,2,30,0.0,0.03,252,6.0,0.9,4
1829d3652e1b4c76ae13001e2fd2f49f,rmax_dtp_planner_lr0p03_m_30_hz1,0.0,0.0,0.0,0.0,0.0,0.0,11,-10027.463853359222,932.5770013964024,0.0,0.0,-0.036904736479123436,0.003189033902288998,11,2,30,0.0,0.03,252,6.0,0.9,1
f9ba7a838a61427d88b643731633a84f,rmax_dtp_planner_lr0p03_m_25_hz7,0.0,0.0,0.0,0.0,0.0,0.0,11,-9748.618590831757,1001.2497227869175,0.0,0.0,-0.0366904444694519,0.003430778214175257,11,2,25,0.0,0.03,252,6.0,0.9,7
ed43bc2d123f4ef08a10fda9afb06ae4,rmax_dtp_planner_lr0p03_m_25_hz5,0.0,0.0,0.0,0.0,0.0,0.0,11,-9928.633531928062,622.7444651671558,0.0,0.0,-0.03746344378590584,0.002158792208349123,11,2,25,0.0,0.03,252,6.0,0.9,5
d5fbb64df1a54d4cae9a0cfc8e5b3505,rmax_dtp_planner_lr0p03_m_20_hz6,0.0,0.0,0.0,0.0,0.0,0.0,11,-6282.511258125305,467.7431156276944,0.0,0.0,-0.025259984175364174,0.0016841749065690309,11,2,20,0.0,0.03,252,6.0,0.9,6
1447fe1ab5eb466c9d4697807e60f19b,rmax_dtp_planner_lr0p03_m_15_hz6,0.0,0.0,0.0,0.0,0.0,0.0,11,-5681.463187932968,423.0102755813219,0.0,0.0,-0.022606119751930238,0.0015208249850373232,11,2,15,0.0,0.03,252,6.0,0.9,6
392a2755537a4e7eb8b0ec4f8acbcefb,rmax_dtp_planner_lr0p03_m_15_hz4,0.0,0.0,0.0,0.0,0.0,0.0,11,-4486.031258106232,362.0856084447872,0.0,0.0,-0.019092934250831604,0.0012094022676080371,11,2,15,0.0,0.03,252,6.0,0.9,4
e254651737804aa39c74ff7e29b30f21,rmax_dtp_planner_lr0p03_m_10_hz7,0.0,0.0,0.0,0.0,0.0,0.0,11,-2901.760321855545,557.3229371543953,0.0,0.0,-0.01372377065817515,0.001848441752354459,11,2,10,0.0,0.03,252,6.0,0.9,7
2c98d82988c6487b9b1a7cb9c68c3705,rmax_dtp_planner_lr0p03_m_10_hz6,0.0,0.0,0.0,0.0,0.0,0.0,11,-3147.68488407135,408.31579923611145,0.0,0.0,-0.014387439966201782,0.001557347141371206,11,2,10,0.0,0.03,252,6.0,0.9,6
075b0f104f2047beb0f58a43c5d2c727,rmax_dtp_planner_lr0p03_m_10_hz5,0.0,0.0,0.0,0.0,0.0,0.0,11,-3688.6703848838806,406.81870337703253,0.0,0.0,-0.016004300693670908,0.0015917737159355098,11,2,10,0.0,0.03,252,6.0,0.9,5
87f5b87399ff422ab4f9e46570978414,rmax_dtp_planner_lr0p03_m_10_hz4,0.0,0.0,0.0,0.0,0.0,0.0,11,-3532.234752178192,325.5453007729598,0.0,0.0,-0.016261478781700135,0.0012237769688326922,11,2,10,0.0,0.03,252,6.0,0.9,4
cf74289e09f64e7bb93defbd2ab3d3c1,rmax_dtp_planner_lr0p03_m_10_hz2,0.0,0.0,0.0,0.0,0.0,0.0,11,-2709.997123479843,385.1463512133691,0.0,0.0,-0.013530101120471955,0.0014419748056414838,11,2,10,0.0,0.03,252,6.0,0.9,2
81f5b22d505c4cd3a90a2685d427888b,rmax_dtp_planner_lr0p03_m_10_hz1,0.0,0.0,0.0,0.0,0.0,0.0,11,-2213.8364374637604,407.8677727488339,0.0,0.0,-0.011009251177310943,0.0016195174376606137,11,2,10,0.0,0.03,252,6.0,0.9,1
b923a5dbbacc4d2fa6d3bf9b01ec6e33,rmax_dtp_planner_lr0p03_m_5_hz7,0.0,0.0,0.0,0.0,0.0,0.0,11,-1682.8834652900696,292.1397050875857,0.0,0.0,-0.009948509931564332,0.0011432484590988546,11,2,5,0.0,0.03,252,6.0,0.9,7
f46fe42ebb1e45fc99fd7e60f24b29a1,rmax_dtp_planner_lr0p03_m_5_hz6,0.0,0.0,0.0,0.0,0.0,0.0,11,-1349.2859244346619,78.20307692531728,0.0,0.0,-0.00899523949623108,0.0005213538461687819,11,2,5,0.0,0.03,252,6.0,0.9,6
ffde508904f94c03b36d0fe3d1bf8b4c,rmax_dtp_planner_lr0p03_m_5_hz5,0.0,0.0,0.0,0.0,0.0,0.0,11,-1341.567087173462,150.53348515082024,0.0,0.0,-0.008392902533213297,0.0005914943710640104,11,2,5,0.0,0.03,252,6.0,0.9,5
5ea126cbb01c441b9b2192a199061d34,rmax_dtp_planner_lr0p03_m_5_hz4,0.0,0.0,0.0,0.0,0.0,0.0,11,-1339.9012207984924,112.07187174426038,0.0,0.0,-0.008782674809296927,0.0007124382025544241,11,2,5,0.0,0.03,252,6.0,0.9,4
227bbce3a85e4a4794717d89e7b7fc30,rmax_dtp_planner_lr0p03_m_5_hz3,0.0,0.0,0.0,0.0,0.0,0.0,11,-1189.239925146103,92.10013113005328,0.0,0.0,-0.007928266167640686,0.0006140008742003552,11,2,5,0.0,0.03,252,6.0,0.9,3
f52e69a5c07947fdaeb02224f509a3bf,rmax_dtp_planner_lr0p03_m_5_hz1,0.0,0.0,0.0,0.0,0.0,0.0,11,-1335.3878736495972,141.86197294852167,0.0,0.0,-0.008440601150194803,0.0006806268945212954,11,2,5,0.0,0.03,252,6.0,0.9,1
f1c2d1f318e74ff1b5d8cf7607630410,rmax_dtp_planner_lr0p03_m_1_hz7,0.0,0.0,0.0,0.0,0.0,0.0,11,-1088.507902622223,69.49661813215305,0.0,0.0,-0.007256719350814819,0.00046331078754768704,11,2,1,0.0,0.03,252,6.0,0.9,7
307789172e6d409c9ecf1453470893f0,rmax_dtp_planner_lr0p03_m_1_hz6,0.0,0.0,0.0,0.0,0.0,0.0,11,-1011.7975294589996,68.81668203364465,0.0,0.0,-0.006745316863059997,0.0004587778802242978,11,2,1,0.0,0.03,252,6.0,0.9,6
62072e95cff040ad9eeb517096582be2,rmax_dtp_planner_lr0p03_m_1_hz5,0.0,0.0,0.0,0.0,0.0,0.0,11,-1233.6969256401062,98.17093275889337,0.0,0.0,-0.008224646170934042,0.000654472885059289,11,2,1,0.0,0.03,252,6.0,0.9,5
6d86f082972b4e928306e9f787c5bb75,rmax_dtp_planner_lr0p03_m_1_hz4,0.0,0.0,0.0,0.0,0.0,0.0,11,-1161.8600010871887,69.72293030559801,0.0,0.0,-0.007745733340581258,0.0004648195353706534,11,2,1,0.0,0.03,252,6.0,0.9,4
8c8a2b4b8c81433588d1722b120383b1,rmax_dtp_planner_lr0p03_m_1_hz3,0.0,0.0,0.0,0.0,0.0,0.0,11,-1062.4415844678879,98.53380701202536,0.0,0.0,-0.007082943896452587,0.0006568920467468355,11,2,1,0.0,0.03,252,6.0,0.9,3
8f470c219cf84fefad183c3b35a70c2c,rmax_dtp_planner_lr0p03_m_1_hz2,0.0,0.0,0.0,0.0,0.0,0.0,11,-1039.8206651210785,86.28250601383385,0.0,0.0,-0.006932137767473856,0.0005752167067588922,11,2,1,0.0,0.03,252,6.0,0.9,2
53e9f63ca55b4534938c1a14637b6fc5,rmax_dtp_planner_lr0p03_m_1_hz1,0.0,0.0,0.0,0.0,0.0,0.0,11,-1158.6284160614014,90.68196389205231,0.0,0.0,-0.007724189440409342,0.0006045464259470155,11,2,1,0.0,0.03,252,6.0,0.9,1
19731e9357264411bbf40f8254167d85,rmax_dtp_planner_lr0p01_m_30_hz7,0.0,0.0,0.0,0.0,0.0,0.0,11,-10647.38753437996,858.0161721657805,0.0,0.0,-0.03990465255578359,0.002801484254401129,11,2,30,0.0,0.01,252,6.0,0.9,7
978e8dfaa0ab472095d7923af3cd3615,rmax_dtp_planner_lr0p01_m_30_hz1,0.0,0.0,0.0,0.0,0.0,0.0,11,-10947.123661637306,655.6910665309789,0.0,0.0,-0.04022605396310488,0.0021205980213081575,11,2,30,0.0,0.01,252,6.0,0.9,1
07aa5228c44a496aa8b65a29282819a8,rmax_dtp_planner_lr0p01_m_25_hz5,0.0,0.0,0.0,0.0,0.0,0.0,11,-10206.464171409607,786.7240107942606,0.0,0.0,-0.03846873084704081,0.0025451696137063235,11,2,25,0.0,0.01,252,6.0,0.9,5
274170b95e044e928bbfd5e7eaebec55,rmax_dtp_planner_lr0p01_m_25_hz4,0.0,0.0,0.0,0.0,0.0,0.0,11,-9528.86164188385,464.6915309192948,0.0,0.0,-0.03574872595071793,0.0016049911132035813,11,2,25,0.0,0.01,252,6.0,0.9,4
0dc3db86b8cc47198a444faa224e6f7e,rmax_dtp_planner_lr0p01_m_20_hz5,0.0,0.0,0.0,0.0,0.0,0.0,11,-6358.9043736457825,747.8379647687129,0.0,0.0,-0.025528069555759432,0.0025438138403796047,11,2,20,0.0,0.01,252,6.0,0.9,5
ef7138accda94a06a248b86ad9f43a05,rmax_dtp_planner_lr0p01_m_20_hz1,0.0,0.0,0.0,0.0,0.0,0.0,11,-6068.699872493744,471.284023636957,0.0,0.0,-0.025104075352350867,0.001693529124689228,11,2,20,0.0,0.01,252,6.0,0.9,1
2a6464cdee6c4022bc4ccd9858dc111b,rmax_dtp_planner_lr0p01_m_15_hz7,0.0,0.0,0.0,0.0,0.0,0.0,11,-4249.879685044289,516.8927844426972,0.0,0.0,-0.01837868210673332,0.0018029635815435417,11,2,15,0.0,0.01,252,6.0,0.9,7
b02d64f9148f41cb8d6b6d960e4e8be7,rmax_dtp_planner_lr0p01_m_15_hz5,0.0,0.0,0.0,0.0,0.0,0.0,11,-5700.115871429443,536.3175988559442,0.0,0.0,-0.02316202731927236,0.0017004962718038658,11,2,15,0.0,0.01,252,6.0,0.9,5
234e5a1cdaf543349efdd651e4f31487,rmax_dtp_planner_lr0p01_m_15_hz3,0.0,0.0,0.0,0.0,0.0,0.0,11,-4059.006190299988,530.392880653126,0.0,0.0,-0.017010958373546603,0.0017714562795560938,11,2,15,0.0,0.01,252,6.0,0.9,3
e9cbe870d4b24350825c4501eddc903b,rmax_dtp_planner_lr0p01_m_15_hz2,0.0,0.0,0.0,0.0,0.0,0.0,11,-4921.009731292725,451.5861663422236,0.0,0.0,-0.02055847789843877,0.0016464346174449656,11,2,15,0.0,0.01,252,6.0,0.9,2
76774d2ca4cf4564b7c6fe05b3d0fee2,rmax_dtp_planner_lr0p01_m_10_hz4,0.0,0.0,0.0,0.0,0.0,0.0,11,-2518.4643387794495,431.89263988637015,0.0,0.0,-0.012551815827687583,0.0015240828466513343,11,2,10,0.0,0.01,252,6.0,0.9,4
9fc4a9853e0a4a0486e14ecc8d1b0c26,rmax_dtp_planner_lr0p01_m_10_hz3,0.0,0.0,0.0,0.0,0.0,0.0,11,-2540.6586825847626,479.4316767929392,0.0,0.0,-0.012383739948272705,0.001672472791773142,11,2,10,0.0,0.01,252,6.0,0.9,3
a5e7b06e0d174d1a9ac54b5b3d006f93,rmax_dtp_planner_lr0p01_m_10_hz2,0.0,0.0,0.0,0.0,0.0,0.0,11,-3417.325523495674,300.8306297028434,0.0,0.0,-0.015315668205420177,0.001118970474718547,11,2,10,0.0,0.01,252,6.0,0.9,2
7fe71d446fae4080a62a17726b964ce5,rmax_dtp_planner_lr0p01_m_5_hz7,0.0,0.0,0.0,0.0,0.0,0.0,11,-1306.9001019001007,96.49573190052025,0.0,0.0,-0.008712667346000673,0.0006433048793368018,11,2,5,0.0,0.01,252,6.0,0.9,7
75fc4c1faba942f280c7519ac48a0db0,rmax_dtp_planner_lr0p01_m_5_hz6,0.0,0.0,0.0,0.0,0.0,0.0,11,-1598.9351451396942,274.9605148505708,0.0,0.0,-0.009292862296104432,0.0010955750205645927,11,2,5,0.0,0.01,252,6.0,0.9,6
439708f31a274240b9bf3bb208beca59,rmax_dtp_planner_lr0p01_m_5_hz5,0.0,0.0,0.0,0.0,0.0,0.0,11,-1576.101416349411,284.1649468739967,0.0,0.0,-0.00937840461730957,0.001192890237129661,11,2,5,0.0,0.01,252,6.0,0.9,5
4453bf54db3142cc99b590ebd8c6b4c3,rmax_dtp_planner_lr0p01_m_5_hz4,0.0,0.0,0.0,0.0,0.0,0.0,11,-1528.8306713104248,244.4219193618052,0.0,0.0,-0.009315447489420575,0.0009810838383622338,11,2,5,0.0,0.01,252,6.0,0.9,4
3466958dafbf41d79750147872e93d78,rmax_dtp_planner_lr0p01_m_5_hz3,0.0,0.0,0.0,0.0,0.0,0.0,11,-1421.3770747184753,221.80413485181987,0.0,0.0,-0.00897499430179596,0.0010085330401941022,11,2,5,0.0,0.01,252,6.0,0.9,3
ad955f517245446ca6ac875cd84a3b54,rmax_dtp_planner_lr0p01_m_5_hz2,0.0,0.0,0.0,0.0,0.0,0.0,11,-1316.8667554855347,108.85676340814537,0.0,0.0,-0.008779111703236897,0.0007257117560543025,11,2,5,0.0,0.01,252,6.0,0.9,2
80b20dd2fd59445c82405aadbde0fb2a,rmax_dtp_planner_lr0p01_m_5_hz1,0.0,0.0,0.0,0.0,0.0,0.0,11,-1613.5236859321594,246.0110796960231,0.0,0.0,-0.00962001427014669,0.000893331613480117,11,2,5,0.0,0.01,252,6.0,0.9,1
abcdee688f054b948ed23aba1a815505,rmax_dtp_planner_lr0p01_m_1_hz7,0.0,0.0,0.0,0.0,0.0,0.0,11,-1244.445025920868,114.92185699013115,0.0,0.0,-0.008296300172805787,0.0007661457132675411,11,2,1,0.0,0.01,252,6.0,0.9,7
0255ce6b165b427db262be8d1b545d18,rmax_dtp_planner_lr0p01_m_1_hz6,0.0,0.0,0.0,0.0,0.0,0.0,11,-1095.4825341701508,88.2114119407296,0.0,0.0,-0.007303216894467672,0.0005880760796048639,11,2,1,0.0,0.01,252,6.0,0.9,6
c20e7337dcae4cc9b05be0a9e40d5d52,rmax_dtp_planner_lr0p01_m_1_hz5,0.0,0.0,0.0,0.0,0.0,0.0,11,-1312.729573249817,94.51966916628048,0.0,0.0,-0.008751530488332113,0.0006301311277752031,11,2,1,0.0,0.01,252,6.0,0.9,5
10939a474c284dcab654807a7b2c0c34,rmax_dtp_planner_lr0p01_m_1_hz4,0.0,0.0,0.0,0.0,0.0,0.0,11,-904.9429476261139,77.1725499696629,0.0,0.0,-0.006032952984174092,0.0005144836664644193,11,2,1,0.0,0.01,252,6.0,0.9,4
cf96684a2228477b9adf9f6382dd77e8,rmax_dtp_planner_lr0p01_m_1_hz3,0.0,0.0,0.0,0.0,0.0,0.0,11,-1043.5623466968536,108.63605884383108,0.0,0.0,-0.006957082311312357,0.0007242403922922072,11,2,1,0.0,0.01,252,6.0,0.9,3
c2dd802ae450400f98c065a026b64ba0,rmax_dtp_planner_lr0p01_m_1_hz2,0.0,0.0,0.0,0.0,0.0,0.0,11,-1208.7653160095215,97.82300204752873,0.0,0.0,-0.008058435440063476,0.0006521533469835249,11,2,1,0.0,0.01,252,6.0,0.9,2
a4cb75f9063242deade3d6b6045c883b,rmax_dtp_planner_lr0p01_m_1_hz1,0.0,0.0,0.0,0.0,0.0,0.0,11,-1177.3864924907684,106.01093403798288,0.0,0.0,-0.00784924328327179,0.0007067395602532191,11,2,1,0.0,0.01,252,6.0,0.9,1
7ee8b7c9c0724e95975ef3587a9a8d86,rmax_dtp_planner_lr0p01_m_20_hz2,-12.183815240859985,12.183815240859985,0.0,0.0,-8.122543493906657e-05,8.122543493906656e-05,11,-7407.92270898819,428.19349653650846,0.0,0.0,-0.029078869581222532,0.0012516418136047807,11,2,20,0.0,0.01,252,6.0,0.9,2
db372de139b240d9a6940cd986f85cb9,rmax_dtp_planner_lr0p05_m_10_hz1,-12.778866291046143,12.77886629104614,0.0,0.0,-8.519244194030761e-05,8.519244194030763e-05,11,-2691.4142966270447,420.82771349738505,0.0,0.0,-0.012827389319737753,0.0014103770003586673,11,2,10,0.0,0.05,252,6.0,0.9,1
16a51180cf1a4f59afa66c87108072a8,rmax_dtp_planner_lr0p03_m_30_hz3,-13.99485468864441,13.994854688644411,0.0,0.0,-9.32990312576294e-05,9.329903125762937e-05,11,-11103.349328041077,906.8045548784658,0.0,0.0,-0.041309081554412846,0.003055189039294635,11,2,30,0.0,0.03,252,6.0,0.9,3
dc63b85e75e34730973ea57a6fb33f22,rmax_dtp_planner_lr0p05_m_15_hz4,-18.111228942871094,18.111228942871094,0.0,0.0,-0.00012074152628580728,0.00012074152628580728,11,-5548.50839972496,345.52421772757424,0.0,0.0,-0.022833869218826294,0.0011924670818109562,11,2,15,0.0,0.05,252,6.0,0.9,4
683b2f922c734f0e8a42e5e3d81d358a,rmax_dtp_planner_lr0p05_m_20_hz2,-19.274184107780457,19.274184107780457,0.0,0.0,-0.00012849456071853637,0.00012849456071853637,11,-6164.536792039871,691.7260014109376,0.0,0.0,-0.02459777553876241,0.00233845982121822,11,2,20,0.0,0.05,252,6.0,0.9,2
cfca70b8f0b84a4e8e784f45bc6977ab,rmax_dtp_planner_lr0p03_m_25_hz4,-21.544291079044342,21.54429107904434,0.0,0.0,-0.00014362860719362896,0.00014362860719362893,11,-9324.253273010254,882.9313666990821,0.0,0.0,-0.03493514128526052,0.002843514350737611,11,2,25,0.0,0.03,252,6.0,0.9,4
0adde3db6fe94fa9be78f362efb7512a,rmax_dtp_planner_lr0p05_m_25_hz1,-24.06153976917267,24.06153976917267,0.0,0.0,-0.0001604102651278178,0.00016041026512781778,11,-9338.671445846558,771.8441533978785,0.0,0.0,-0.03597378929456076,0.0026418289822866974,11,2,25,0.0,0.05,252,6.0,0.9,1
928db5c9c8c240bd85c3ef56eab476ed,rmax_dtp_planner_lr0p01_m_15_hz4,-24.825279414653778,24.825279414653775,0.0,0.0,-0.00016550186276435852,0.0001655018627643585,11,-5542.732948064804,579.8983560733777,0.0,0.0,-0.023021172165870664,0.0020833981540861963,11,2,15,0.0,0.01,252,6.0,0.9,4
faab943b6dc34088853955a222b32cd3,rmax_dtp_planner_lr0p1_m_20_hz1,-25.75189173221588,25.751891732215878,0.0,0.0,-0.00017167927821477256,0.00017167927821477256,11,-6236.515873670578,547.8509427101385,0.0,0.0,-0.02466378923257192,0.0017396265167481456,11,2,20,0.0,0.1,252,6.0,0.9,1
904863066535433ea83fef8023aae4de,rmax_dtp_planner_lr0p03_m_15_hz2,-28.776955604553223,28.77695560455322,0.0,0.0,-0.0001918463706970215,0.00019184637069702147,11,-4882.966315746307,368.00868564410274,0.0,0.0,-0.020618716319402063,0.001318326828544124,11,2,15,0.0,0.03,252,6.0,0.9,2
63adf9b2e76d47da90ebb49c734698b4,rmax_dtp_planner_lr0p03_m_20_hz2,-29.296863079071045,29.296863079071045,0.0,0.0,-0.0001953124205271403,0.0001953124205271403,11,-5789.127379655838,561.8426541019188,0.0,0.0,-0.023411870837211614,0.0019071345331244912,11,2,20,0.0,0.03,252,6.0,0.9,2
e8bf705da92148b5afafb8ca60a93274,rmax_dtp_planner_lr0p05_m_20_hz1,-31.495633721351624,31.495633721351624,0.0,0.0,-0.00020997089147567748,0.00020997089147567748,11,-6367.894691228867,433.37506356024534,0.0,0.0,-0.025401641488075256,0.0015809350215455914,11,2,20,0.0,0.05,252,6.0,0.9,1
a8c614366d664cccab34700bfe3ce1b6,rmax_dtp_planner_lr0p01_m_30_hz4,-31.504839658737183,31.50483965873718,0.0,0.0,-0.00021003226439158122,0.00021003226439158116,11,-10527.813267707825,466.2700888896145,0.0,0.0,-0.03927785881360372,0.001627630713593054,11,2,30,0.0,0.01,252,6.0,0.9,4
42c0c709961548d792892c63932d6b2d,rmax_dtp_planner_lr0p05_m_25_hz3,-31.723827123641968,31.723827123641968,0.0,0.0,-0.00021149218082427979,0.00021149218082427976,11,-8777.628135681152,632.9019118306303,0.0,0.0,-0.03337895148992538,0.002233716806264526,11,2,25,0.0,0.05,252,6.0,0.9,3
5c49e15a47db4287b7cb36a1a16b111d,rmax_dtp_planner_lr0p03_m_20_hz5,-32.513970136642456,32.513970136642456,0.0,0.0,-0.00021675980091094972,0.00021675980091094972,11,-6542.710483074188,766.1048569793936,0.0,0.0,-0.0263033037185669,0.0026673359589524876,11,2,20,0.0,0.03,252,6.0,0.9,5
bc196a7305b245289a6c52c346fec2e5,rmax_dtp_planner_lr0p1_m_30_hz4,-36.15082502365112,36.15082502365112,0.0,0.0,-0.00024100550015767418,0.00024100550015767415,11,-9928.470122814178,776.972925833151,0.0,0.0,-0.03731947914759318,0.0025993532249281364,11,2,30,0.0,0.1,252,6.0,0.9,4
b2faedafc3ad4ded8ba07be828d9dbcc,rmax_dtp_planner_lr0p03_m_5_hz2,-36.21115982532501,36.21115982532501,0.0,0.0,-0.00024140773216883342,0.0002414077321688334,11,-1425.9437501430511,187.66079844505168,0.0,0.0,-0.008943640748659769,0.0007264998602710028,11,2,5,0.0,0.03,252,6.0,0.9,2
ca8526979fad4458b16a5af5f63dbca2,rmax_dtp_planner_lr0p03_m_20_hz1,-36.25255823135376,36.25255823135376,0.0,0.0,-0.0002416837215423584,0.00024168372154235844,11,-7055.532675981522,656.1009706936551,0.0,0.0,-0.027527694543202717,0.0020931219016025755,11,2,20,0.0,0.03,252,6.0,0.9,1
283fb548bcda46509ef1c5579300c5e6,rmax_dtp_planner_lr0p01_m_20_hz7,-37.02220916748047,37.02220916748047,0.0,0.0,-0.0002468147277832031,0.0002468147277832031,11,-7760.337066650391,366.00280272365865,0.0,0.0,-0.02985479436318079,0.0013201859090962382,11,2,20,0.0,0.01,252,6.0,0.9,7
44687ada7ed040b088b0df349862b746,rmax_dtp_planner_lr0p05_m_30_hz1,-38.20872902870178,38.20872902870178,0.0,0.0,-0.0002547248601913452,0.00025472486019134514,11,-9792.688447237015,796.528183461467,0.0,0.0,-0.0370165342092514,0.0029637008681393457,11,2,30,0.0,0.05,252,6.0,0.9,1
377c202e84154af18efcd2b06ff8eadb,rmax_dtp_planner_lr0p01_m_15_hz6,-38.851118087768555,38.85111808776855,0.0,0.0,-0.00025900745391845703,0.000259007453918457,11,-5715.035200119019,526.2315161011068,0.0,0.0,-0.023761510173479713,0.0019325906320869883,11,2,15,0.0,0.01,252,6.0,0.9,6
541c7c3ab41d41babdc7c693be6cf5d8,rmax_dtp_planner_lr0p03_m_25_hz6,-39.33476805686951,39.3347680568695,0.0,0.0,-0.00026223178704579673,0.0002622317870457967,11,-10610.387480258942,875.9044664719606,0.0,0.0,-0.03979068116346995,0.0028992176106048873,11,2,25,0.0,0.03,252,6.0,0.9,6
60bef71496b3428ea882d71a25aa4f51,rmax_dtp_planner_lr0p03_m_10_hz3,-40.68033993244171,40.68033993244171,0.0,0.0,-0.0002712022662162781,0.0002712022662162781,11,-3887.575125694275,184.38310637756067,0.0,0.0,-0.01661598022778829,0.000698650193572757,11,2,10,0.0,0.03,252,6.0,0.9,3
ba20db5985fe46f9be40b233f40bd239,rmax_dtp_planner_lr0p03_m_30_hz7,-41.293078660964966,41.29307866096496,0.0,0.0,-0.00027528719107309976,0.0002752871910730998,11,-11633.259552717209,813.1639295871493,0.0,0.0,-0.043230311632156376,0.0028242792524981026,11,2,30,0.0,0.03,252,6.0,0.9,7
b61616957f244119afc7161faace906d,rmax_dtp_planner_lr0p05_m_10_hz3,-41.44984483718872,41.44984483718873,0.0,0.0,-0.0002763322989145915,0.00027633229891459144,11,-2216.648918390274,323.9366110680882,0.0,0.0,-0.011345591505368551,0.0011285828487608912,11,2,10,0.0,0.05,252,6.0,0.9,3
a6b858ebf25d43909ff1aeb17e3ceab3,rmax_dtp_planner_lr0p1_m_15_hz6,-46.06756269931793,46.067562699317925,0.0,0.0,-0.0003071170846621195,0.00030711708466211947,11,-5840.043181180954,344.89662610269454,0.0,0.0,-0.02365847678979238,0.0012170592321393047,11,2,15,0.0,0.1,252,6.0,0.9,6
6da964a581274cd49a745f7bdd19b3fd,rmax_dtp_planner_lr0p1_m_20_hz3,-46.106237173080444,46.10623717308045,0.0,0.0,-0.00030737491448720294,0.00030737491448720294,11,-7480.358928442001,745.6839622764791,0.0,0.0,-0.028954243183135987,0.002396475372671755,11,2,20,0.0,0.1,252,6.0,0.9,3
a2d6f8a7767d4e04b39cd200a02afa3b,rmax_dtp_planner_lr0p03_m_15_hz3,-46.4144229888916,46.414422988891594,0.0,0.0,-0.00030942948659261067,0.00030942948659261067,11,-5111.05797290802,645.5956369353933,0.0,0.0,-0.021630619049072267,0.002014287752065147,11,2,15,0.0,0.03,252,6.0,0.9,3
b2d889f308654bb6a5f7cd467e66301b,rmax_dtp_planner_lr0p01_m_15_hz1,-47.45481312274933,47.45481312274932,0.0,0.0,-0.00031636542081832884,0.0003163654208183288,11,-4954.009133577347,742.1195293441806,0.0,0.0,-0.02056902996699015,0.0025477754353399064,11,2,15,0.0,0.01,252,6.0,0.9,1
a992bfae916f49c88b0952834fac85a9,rmax_dtp_planner_lr0p03_m_15_hz5,-50.17092823982239,50.17092823982239,0.0,0.0,-0.0003344728549321492,0.0003344728549321492,11,-4575.5800902843475,613.3543451916286,0.0,0.0,-0.018687028209368385,0.002068890886039933,11,2,15,0.0,0.03,252,6.0,0.9,5
750762cd9cd3431e8925e571dbd433a7,rmax_dtp_planner_lr0p05_m_30_hz4,-52.4056077003479,52.40560770034789,0.0,0.0,-0.0003493707180023193,0.0003493707180023193,11,-10995.180106163025,743.7093003660541,0.0,0.0,-0.04060410034656524,0.0025103364718892783,11,2,30,0.0,0.05,252,6.0,0.9,4
389608ea4d8446faade0f4143c5f5c9e,rmax_dtp_planner_lr0p1_m_15_hz2,-52.867186069488525,52.867186069488525,0.0,0.0,-0.00035244790712992346,0.00035244790712992346,11,-4551.4900624752045,386.56471201602756,0.0,0.0,-0.01936855971813202,0.0014300029716167104,11,2,15,0.0,0.1,252,6.0,0.9,2
baa2aa46f15e4960b1d5bbe3e4358b0b,rmax_dtp_planner_lr0p1_m_25_hz6,-54.37802076339722,54.37802076339722,0.0,0.0,-0.0003625201384226481,0.0003625201384226481,11,-9338.93695473671,446.8505451748602,0.0,0.0,-0.03528713202476501,0.001423851484511039,11,2,25,0.0,0.1,252,6.0,0.9,6
bfc09fccbbd14490a6e47fa0258f91bf,rmax_dtp_planner_lr0p1_m_10_hz2,-55.81938624382019,55.81938624382018,0.0,0.0,-0.0003721292416254679,0.0003721292416254679,11,-3235.552203655243,450.8781799229853,0.0,0.0,-0.015247904062271117,0.0015677548579368435,11,2,10,0.0,0.1,252,6.0,0.9,2
980a1b7ff783410790b280248a4b4d1d,rmax_dtp_planner_lr0p01_m_20_hz6,-57.17512369155884,57.175123691558824,0.0,0.0,-0.00038116749127705893,0.0003811674912770589,11,-7485.379183292389,639.6492973721017,0.0,0.0,-0.029212337990601862,0.002012043172723295,11,2,20,0.0,0.01,252,6.0,0.9,6
45c2bc4a31a84a4a974b913c0cdb0626,rmax_dtp_planner_lr0p05_m_25_hz7,-59.33549851179123,41.602401531621005,0.0,0.0,-0.0003955699900786082,0.00027734934354414005,11,-8952.7030646801,433.71048933542204,0.0,0.0,-0.0339586949745814,0.0015282900087025758,11,2,25,0.0,0.05,252,6.0,0.9,7
3185d41096134e65930dab6c08d37e89,rmax_dtp_planner_lr0p05_m_15_hz5,-59.367382526397705,59.3673825263977,0.0,0.0,-0.0003957825501759847,0.00039578255017598464,11,-5681.583523750305,648.3101260380532,0.0,0.0,-0.022942943652470908,0.0022830628917394156,11,2,15,0.0,0.05,252,6.0,0.9,5
ae10ec62f95a441c83aada94cbff9d26,rmax_dtp_planner_lr0p01_m_25_hz2,-59.51233506202698,59.51233506202698,0.0,0.0,-0.00039674890041351316,0.00039674890041351316,11,-8781.227284669876,859.5901737138666,0.0,0.0,-0.03357633483409882,0.002928170252082111,11,2,25,0.0,0.01,252,6.0,0.9,2
5a4d65e3490445b9a1bd4e3501c7622a,rmax_dtp_planner_lr0p1_m_20_hz5,-61.09071969985962,61.09071969985962,0.0,0.0,-0.0004072714646657308,0.0004072714646657308,11,-7598.360979557037,543.7001540980282,0.0,0.0,-0.02952889819939931,0.0018524827887754355,11,2,20,0.0,0.1,252,6.0,0.9,5
4fa2642114434a61a9b4d98be0984ed7,rmax_dtp_planner_lr0p1_m_25_hz3,-65.70453643798828,65.70453643798828,0.0,0.0,-0.00043803024291992187,0.0004380302429199218,11,-8502.035641670227,783.4356298694415,0.0,0.0,-0.0323505973815918,0.0026961721446289643,11,2,25,0.0,0.1,252,6.0,0.9,3
75a34a83809c4f40842a8ca02ac01cba,rmax_dtp_planner_lr0p05_m_30_hz2,-66.1418616771698,66.14186167716979,0.0,0.0,-0.0004409457445144653,0.00044094574451446526,11,-11424.326598644257,669.7144968105185,0.0,0.0,-0.04261355205376943,0.0021944254322857843,11,2,30,0.0,0.05,252,6.0,0.9,2
c28d7e08fadf4d02afde4dc69d2d0959,rmax_dtp_planner_lr0p01_m_30_hz2,-66.82431697845459,45.29233706929845,0.0,0.0,-0.00044549544652303064,0.000301948913795323,11,-12061.977088451385,761.8596244715438,0.0,0.0,-0.04430784658590953,0.002577654414968724,11,2,30,0.0,0.01,252,6.0,0.9,2
6c8912e0b2f647ddb4cc196f7043b722,rmax_dtp_planner_lr0p03_m_20_hz7,-68.63536834716797,68.63536834716795,0.0,0.0,-0.0004575691223144531,0.0004575691223144531,11,-7235.103276371956,454.46152346775096,0.0,0.0,-0.028130590210358304,0.001726976484707707,11,2,20,0.0,0.03,252,6.0,0.9,7
bf9a4e45658944a6982f66e3297b1262,rmax_dtp_planner_lr0p1_m_10_hz3,-68.88771653175354,68.88771653175354,0.0,0.0,-0.00045925144354502366,0.0004592514435450237,11,-3127.086639404297,426.62093071472583,0.0,0.0,-0.014738486210505167,0.0014586529179229273,11,2,10,0.0,0.1,252,6.0,0.9,3
d7fe9489701b4a7da796fbd9c32a8970,rmax_dtp_planner_lr0p1_m_10_hz1,-69.11898255348206,69.11898255348206,0.0,0.0,-0.00046079321702321367,0.0004607932170232136,11,-2438.9868557453156,390.76690256913207,0.0,0.0,-0.012198306858539582,0.0013562641020290005,11,2,10,0.0,0.1,252,6.0,0.9,1
74a497c238b047709bb30f47b22849fa,rmax_dtp_planner_lr0p1_m_10_hz4,-71.10763490200043,47.926953489897464,0.0,0.0,-0.0004740508993466695,0.00031951302326598316,11,-3414.549779891968,507.05106118036707,0.0,0.0,-0.01578214875857035,0.0017799851267213706,11,2,10,0.0,0.1,252,6.0,0.9,4
e845b782584b49d795fd78ab23afb565,rmax_dtp_planner_lr0p03_m_15_hz1,-73.613440990448,73.613440990448,0.0,0.0,-0.0004907562732696534,0.0004907562732696533,11,-5053.882306814194,378.1268404836081,0.0,0.0,-0.021014648636182152,0.001451273620122814,11,2,15,0.0,0.03,252,6.0,0.9,1
ae419c0e1cea446482dcf67a24218504,rmax_dtp_planner_lr0p03_m_15_hz7,-75.98716616630554,75.98716616630553,0.0,0.0,-0.0005065811077753703,0.0005065811077753702,11,-6335.173082351685,608.0612737178956,0.0,0.0,-0.02549627649784088,0.0022052471693713703,11,2,15,0.0,0.03,252,6.0,0.9,7
94778a14233f405996a893ca66dc59bd,rmax_dtp_planner_lr0p01_m_25_hz7,-76.49548500776291,66.60627531492912,0.0,0.0,-0.0005099699000517527,0.0004440418354328608,11,-8909.606784582138,703.6947893337071,0.0,0.0,-0.03355441498756408,0.0025135927628047966,11,2,25,0.0,0.01,252,6.0,0.9,7
7c9751896aec4066a1fe268ead14cee8,rmax_dtp_planner_lr0p1_m_30_hz6,-76.64273083209991,51.301395183379384,0.0,0.0,-0.000510951538880666,0.0003420093012225292,11,-11067.385333776474,870.7644087321629,0.0,0.0,-0.041643785715103146,0.0029933517270691818,11,2,30,0.0,0.1,252,6.0,0.9,6
20281b1b12be4b7fb5c4098e109b6fec,rmax_dtp_planner_lr0p1_m_15_hz1,-80.27868270874023,80.27868270874022,0.0,0.0,-0.0005351912180582682,0.0005351912180582681,11,-5452.502012252808,496.093598914305,0.0,0.0,-0.022527007798353833,0.0018148235862424536,11,2,15,0.0,0.1,252,6.0,0.9,1
58a34eeb4f354f85893faceab68bddbb,rmax_dtp_planner_lr0p1_m_20_hz7,-80.5512011051178,80.55120110511778,0.0,0.0,-0.000537008007367452,0.000537008007367452,11,-7437.075340747833,777.5564062267979,0.0,0.0,-0.028894770562648768,0.0027065987435830646,11,2,20,0.0,0.1,252,6.0,0.9,7
8e7cd70948624987af7cf980497977d5,rmax_dtp_planner_lr0p01_m_10_hz6,-81.51663541793823,81.51663541793823,0.0,0.0,-0.0005434442361195882,0.0005434442361195882,11,-3882.7653408050537,540.3765179305085,0.0,0.0,-0.016796452283859252,0.0019412928732570121,11,2,10,0.0,0.01,252,6.0,0.9,6
7a9e818b6c9e406e814d2af7cc8442f7,rmax_dtp_planner_lr0p1_m_15_hz5,-81.76754713058472,59.048717293168195,0.0,0.0,-0.0005451169808705648,0.00039365811528778796,11,-5060.125160217285,497.8533929000123,0.0,0.0,-0.02052488815784454,0.001771694493058128,11,2,15,0.0,0.1,252,6.0,0.9,5
e63be1283d9a4c1a905ae7bd7112324b,rmax_dtp_planner_lr0p03_m_30_hz2,-84.06642526388168,65.74007754140122,0.0,0.0,-0.0005604428350925445,0.0004382671836093414,11,-11579.202222824097,888.6798780534649,0.0,0.0,-0.042739775657653814,0.0029910712083265146,11,2,30,0.0,0.03,252,6.0,0.9,2
6fa83d50e79044b5bda57928baaa627c,rmax_dtp_planner_lr0p01_m_10_hz7,-86.59659624099731,58.14914962727096,0.0,0.0,-0.0005773106416066488,0.00038766099751513973,11,-4079.734641313553,577.7333630460889,0.0,0.0,-0.017289302468299864,0.0020077804408259754,11,2,10,0.0,0.01,252,6.0,0.9,7
4fc0305b994c418e87d3ce8dadfecf2f,rmax_dtp_planner_lr0p05_m_15_hz7,-87.55744993686676,60.06380163453229,0.0,0.0,-0.0005837163329124451,0.0004004253442302153,11,-6029.6808540821075,645.6523246147899,0.0,0.0,-0.02432408787806829,0.0021884694626189607,11,2,15,0.0,0.05,252,6.0,0.9,7
2df62fe7abdd41c78c75cda6cc9ca3ff,rmax_dtp_planner_lr0p01_m_25_hz6,-88.52214813232422,59.38835358681872,0.0,0.0,-0.0005901476542154948,0.0003959223572454581,11,-10390.646862983704,791.1922681668102,0.0,0.0,-0.039019549330075586,0.0027677545306159963,11,2,25,0.0,0.01,252,6.0,0.9,6
a1010e5639984d90a0cb69ce79032c07,rmax_dtp_planner_lr0p01_m_30_hz3,-88.54089975357056,88.54089975357056,0.0,0.0,-0.0005902726650238038,0.0005902726650238036,11,-10928.999543190002,706.0486190091755,0.0,0.0,-0.041285570144653325,0.0025595101026182226,11,2,30,0.0,0.01,252,6.0,0.9,3
3fbe7da9e08d4cb2a815dd0590ef4a18,rmax_dtp_planner_lr0p01_m_20_hz4,-94.10828948020935,67.88008372160746,0.0,0.0,-0.0006273885965347289,0.00045253389147738304,11,-6009.4139993190765,581.8429012535237,0.0,0.0,-0.023787375887235004,0.0020163783103143186,11,2,20,0.0,0.01,252,6.0,0.9,4
80ea1c99bea047049abaf4ddf71387c3,rmax_dtp_planner_lr0p01_m_20_hz3,-94.71495747566223,67.73907043562944,0.0,0.0,-0.0006314330498377481,0.0004515938029041963,11,-8436.683762073517,776.8516211930555,0.0,0.0,-0.03208908565839132,0.002648636778256359,11,2,20,0.0,0.01,252,6.0,0.9,3
a295b941c8924384a162c99a93a1d583,rmax_dtp_planner_lr0p01_m_25_hz1,-96.2531566619873,96.25315666198732,0.0,0.0,-0.0006416877110799154,0.0006416877110799154,11,-9675.871115922928,765.7061713228815,0.0,0.0,-0.036136465311050414,0.0026257044740207462,11,2,25,0.0,0.01,252,6.0,0.9,1
fa0728eef051400f9b7987d7c0fce4e2,rmax_dtp_planner_lr0p01_m_25_hz3,-97.42193222045898,71.22271738007895,0.0,0.0,-0.0006494795481363933,0.00047481811586719307,11,-10198.402655124664,1291.510230074242,0.0,0.0,-0.037820386926333105,0.004480745209554511,11,2,25,0.0,0.01,252,6.0,0.9,3
cfb8f00ec21e4b108101bfb1188cfd5d,rmax_dtp_planner_lr0p03_m_25_hz2,-100.06283521652222,100.0628352165222,0.0,0.0,-0.0006670855681101481,0.0006670855681101482,11,-9332.948338985443,403.34868066291585,0.0,0.0,-0.035088724533716836,0.0014019498387297462,11,2,25,0.0,0.03,252,6.0,0.9,2
b28ab4490cc34d64a5cfa289924c6348,rmax_dtp_planner_lr0p1_m_30_hz7,-100.42740106582642,100.4274010658264,0.0,0.0,-0.0006695160071055094,0.0006695160071055093,11,-11223.052090406418,924.9516807266318,0.0,0.0,-0.04123997461795807,0.0031661032715675657,11,2,30,0.0,0.1,252,6.0,0.9,7
aefabe8e9d4b463096fb3ddcfea58ca2,rmax_dtp_planner_lr0p05_m_20_hz3,-105.61678558588028,55.65711716401296,0.0,0.0,-0.0007041119039058686,0.0003710474477600864,11,-7096.193408966064,499.052429891681,0.0,0.0,-0.027464885512987775,0.0016982726039933378,11,2,20,0.0,0.05,252,6.0,0.9,3
7ff9d4eaab2b4736a1ba18e27c54ccb4,rmax_dtp_planner_lr0p03_m_20_hz4,-114.97358977794647,80.04018608680852,0.0,0.0,-0.0007664905985196431,0.0005336012405787234,11,-6700.599706172943,679.299972170287,0.0,0.0,-0.026427373488744098,0.0023330468362248074,11,2,20,0.0,0.03,252,6.0,0.9,4
0d0207f35c524c36844386d24b66978a,rmax_dtp_planner_lr0p05_m_20_hz6,-118.09701919555664,118.09701919555663,0.0,0.0,-0.0007873134613037109,0.0007873134613037108,11,-5589.579701423645,639.4323357234543,0.0,0.0,-0.022158308585484822,0.002015876595639177,11,2,20,0.0,0.05,252,6.0,0.9,6
cd3c9633741e4d4ab0ee297df80bbcdb,rmax_dtp_planner_lr0p03_m_25_hz3,-118.99088025093079,118.99088025093079,0.0,0.0,-0.0004490086237589518,0.00044900862375895175,11,-8631.336510181427,986.4066452731591,0.0,0.0,-0.032792454838752746,0.003329139963566228,11,2,25,0.0,0.03,252,6.0,0.9,3
a572dd941a2e49749c53702f205752f4,rmax_dtp_planner_lr0p05_m_20_hz7,-123.4130859375,82.74968384895571,0.0,0.0,-0.00082275390625,0.000551664558993038,11,-7898.594224452972,537.9212509909827,0.0,0.0,-0.03088011149565379,0.0017923127777524771,11,2,20,0.0,0.05,252,6.0,0.9,7
8f082b978c2f476e82e538a3ab924230,rmax_dtp_planner_lr0p05_m_30_hz7,-124.4060754776001,64.87390225565065,0.0,0.0,-0.0008293738365173339,0.0004324926817043376,11,-10185.759681463242,738.9729381110822,0.0,0.0,-0.0380231469074885,0.002508828368953743,11,2,30,0.0,0.05,252,6.0,0.9,7
8a0312437e7e498bb785311599438ebf,rmax_dtp_planner_lr0p01_m_10_hz5,-130.3974986076355,88.37196132863363,0.0,0.0,-0.0008693166573842366,0.0005891464088575576,11,-4069.736558198929,185.87362285313472,0.0,0.0,-0.018145228425661724,0.0008779677376153076,11,2,10,0.0,0.01,252,6.0,0.9,5
23a80c3a9af242db859cded2a5288cde,rmax_dtp_planner_lr0p01_m_10_hz1,-132.57949650287628,93.44032017795274,0.0,0.0,-0.0008838633100191753,0.0006229354678530183,11,-3212.461757659912,476.967910257943,0.0,0.0,-0.014515328725179036,0.0015975079705695186,11,2,10,0.0,0.01,252,6.0,0.9,1
13e70ae4bf434830afb6354026bfeac3,rmax_dtp_planner_lr0p1_m_30_hz1,-135.00830829143524,96.70261997781067,0.0,0.0,-0.0009000553886095682,0.0006446841331854043,11,-10437.108838558197,808.6652200559067,0.0,0.0,-0.039454307754834494,0.0027339555563563743,11,2,30,0.0,0.1,252,6.0,0.9,1
8eba6d7e282f4ecba75dd4267986aad0,rmax_dtp_planner_lr0p03_m_20_hz3,-135.9561800956726,94.82704931974959,0.0,0.0,-0.0009063745339711507,0.0006321803287983307,11,-7503.067302703857,713.3972094971006,0.0,0.0,-0.0289965584675471,0.0022024486913824488,11,2,20,0.0,0.03,252,6.0,0.9,3
b3fb9066624441779cafc5184e35d6c7,rmax_dtp_planner_lr0p05_m_20_hz5,-137.48653531074524,91.68417894085502,0.0,0.0,-0.000916576902071635,0.0006112278596057002,11,-8297.134464979172,425.43146483941115,0.0,0.0,-0.032020571231842036,0.0015808956188997955,11,2,20,0.0,0.05,252,6.0,0.9,5
dca0002a060946caa971497f93096170,rmax_dtp_planner_lr0p01_m_30_hz5,-138.54206800460815,138.54206800460815,0.0,0.0,-0.0007081823746363322,0.0007081823746363322,11,-12175.908291339874,848.1720285506567,0.0,0.0,-0.045292290647824605,0.002978036161127154,11,2,30,0.0,0.01,252,6.0,0.9,5
552954246e5c44a997102dadc9a66eb2,rmax_dtp_planner_lr0p05_m_30_hz5,-139.9389773607254,76.07174129743275,0.0,0.0,-0.0009329265157381694,0.0005071449419828851,11,-11416.908550262451,1444.6379611898963,0.0,0.0,-0.04179552920659384,0.00513573678430557,11,2,30,0.0,0.05,252,6.0,0.9,5
b0b065d635a84fdf9f906987de1fbd66,rmax_dtp_planner_lr0p1_m_20_hz6,-141.3089632987976,95.55153369347303,0.0,0.0,-0.0009420597553253173,0.0006370102246231535,11,-7672.115451097488,644.8767083241772,0.0,0.0,-0.02989279196659724,0.002177596528387725,11,2,20,0.0,0.1,252,6.0,0.9,6
02002b29e28e4b1fb48ef0eba680f123,rmax_dtp_planner_lr0p05_m_30_hz6,-143.4244602918625,101.81596985333765,0.0,0.0,-0.0009561630686124166,0.0006787731323555842,11,-9860.466450452805,767.7826708258715,0.0,0.0,-0.037302623808383936,0.002627120246037358,11,2,30,0.0,0.05,252,6.0,0.9,6
1106e4850838446dba325c0a250bbc2b,rmax_dtp_planner_lr0p1_m_30_hz5,-148.50800335407257,105.92070445293035,0.0,0.0,-0.0009900533556938171,0.0007061380296862025,11,-12756.146039068699,944.2976936258694,0.0,0.0,-0.046788301075498265,0.0030972588196071156,11,2,30,0.0,0.1,252,6.0,0.9,5
34492d83bb4949fba2e5ea4998aa4b87,rmax_dtp_planner_lr0p1_m_25_hz2,-161.60980761051178,128.74366882429558,0.0,0.0,-0.0010773987174034119,0.0008582911254953037,11,-8953.191184997559,818.34310382324,0.0,0.0,-0.034075759013493856,0.0027553595437919973,11,2,25,0.0,0.1,252,6.0,0.9,2
dd5614befbdb4867943ce7bb439dabc3,rmax_dtp_planner_lr0p05_m_15_hz2,-169.95501816272736,88.16745601508933,0.0,0.0,-0.0011330334544181822,0.0005877830401005955,11,-6306.464040279388,685.0582969209256,0.0,0.0,-0.025508788307507836,0.0024340206532447476,11,2,15,0.0,0.05,252,6.0,0.9,2
bc826a77c6c34fe9939d17268da89407,rmax_dtp_planner_lr0p03_m_25_hz1,-170.52967697381973,155.2610865949413,0.0,0.0,-0.0007162671188513438,0.000617456350676482,11,-9051.379609107971,848.4197297171884,0.0,0.0,-0.03453022154172262,0.0028949864191296004,11,2,25,0.0,0.03,252,6.0,0.9,1
6c00e30c73ce4ff3a513246a83e41d1f,rmax_dtp_planner_lr0p01_m_30_hz6,-171.45539224147797,90.59310993040727,0.0,0.0,-0.0011430359482765197,0.000603954066202715,11,-12655.569124221802,726.5874606061494,0.0,0.0,-0.04688199508190155,0.002509689646077287,11,2,30,0.0,0.01,252,6.0,0.9,6
