agent_class,group,n_seeds,mean,std,sem,min,max,median,q25,q75,param_agent_class,param_agent_discount,param_agent_grid_size,param_agent_known_threshold,param_agent_learning_rate,param_agent_max_grad_norm,param_agent_min_visits,param_agent_num_iters,param_agent_r_max,param_agent_target_update_freq,param_agent_use_vmax,param_agent_v_max,param_agent_vmax,param_buffer_buffer_size,param_buffer_class,param_buffer_obs_shape,param_checkpoint_freq,param_eval_episodes,param_evaluate_every,param_max_episode_steps,param_minibatch_size,param_num_minibatches,param_seed,param_train_episodes,param_train_steps,param_update_frequency,param_use_steps,param_warmup_steps
DRMAgent,sweep_c58,10,0.9966245591640472,0.0006732490740874592,0.0002129000506715818,0.9954829216003418,0.997575581073761,0.9966700077056885,0.9961794465780258,0.9970103800296783,DRMAgent,0.99,5,239.0,0.000191701,1.61206,,,1.0,64.0,True,1.0,,4096,FlatteningReplayBuffer,"(5, 5, 3)",,0,0,100,16,1,8,0,1000000,1,True,1024
DRMAgent,sweep_c62,10,0.9955340027809143,0.0014906060277076198,0.00047137101415321343,0.9926445484161376,0.9972808957099916,0.9955568611621857,0.9950550496578218,0.996818020939827,DRMAgent,0.99,5,201.0,0.000421108,6.88651,,,1.0,512.0,True,1.0,,2048,FlatteningReplayBuffer,"(5, 5, 3)",,0,0,100,16,1,9,0,1000000,1,True,16
DRMAgent,sweep_c31,10,0.9929243266582489,0.00782860693074904,0.0024756228807347033,0.9760000109672546,0.998529613018036,0.9969732165336609,0.9904559403657914,0.9977667331695556,DRMAgent,0.99,5,155.0,4.49535e-05,1.59269,,,1.0,256.0,True,1.0,,65536,FlatteningReplayBuffer,"(5, 5, 3)",,0,0,100,512,1,9,0,1000000,2,True,16
DRMAgent,sweep_c85,10,0.9922171592712402,0.006440033708686726,0.002036517472771135,0.9799097180366516,0.9962305426597596,0.9956027865409852,0.993120864033699,0.995979830622673,DRMAgent,0.99,5,279.0,0.000240648,4.45459,,,1.0,1024.0,True,1.0,,32768,FlatteningReplayBuffer,"(5, 5, 3)",,0,0,100,256,1,6,0,1000000,4,True,2
DRMAgent,sweep_c91,10,0.9807713985443115,0.027531304735177918,0.008706162991934104,0.9051386713981628,0.9946749806404114,0.9917523562908173,0.9849962145090103,0.9933099746704103,DRMAgent,0.99,5,294.0,5.00774e-05,6.56688,,,1.0,128.0,True,1.0,,32768,FlatteningReplayBuffer,"(5, 5, 3)",,0,0,100,128,1,8,0,1000000,4,True,64
DRMAgent,sweep_c72,10,0.8911097288830205,0.3123765511663305,0.09878213893137316,0.0023964054416865,0.9985315203666688,0.9886891841888428,0.9851668626070023,0.996489554643631,DRMAgent,0.99,5,125.0,2.49464e-05,4.43679,,,1.0,256.0,True,1.0,,65536,FlatteningReplayBuffer,"(5, 5, 3)",,0,0,100,512,1,2,0,1000000,1,True,512
DRMAgent,sweep_c29,10,0.7837222296046094,0.41280289966929995,0.1305397387676956,0.0009995002765208,0.9950944781303406,0.980111688375473,0.941413938999176,0.9924059212207794,DRMAgent,0.99,5,372.0,5.89497e-06,6.08707,,,1.0,64.0,True,1.0,,65536,FlatteningReplayBuffer,"(5, 5, 3)",,0,0,100,64,1,3,0,1000000,1,True,1
DRMAgent,sweep_c9,10,0.7771076643075503,0.41039403839151617,0.12977798994717757,9.999999747378752e-05,0.9968345761299132,0.97038733959198,0.911022961139679,0.994464248418808,DRMAgent,0.99,5,95.0,1.31218e-05,0.591289,,,1.0,256.0,True,1.0,,16384,FlatteningReplayBuffer,"(5, 5, 3)",,0,0,100,128,1,6,0,1000000,2,True,1024
DRMAgent,sweep_c78,10,0.7555287063121796,0.13299001775620883,0.042055136217585526,0.5046976804733276,0.9201801419258118,0.7768938839435577,0.6611997336149216,0.8523077666759491,DRMAgent,0.99,5,237.0,0.00534443,7.30099,,,1.0,128.0,True,1.0,,8192,FlatteningReplayBuffer,"(5, 5, 3)",,0,0,100,64,1,1,0,1000000,1,True,512
RMaxNFQAgent,sweep_c42,10,0.6960552823118633,0.47971167988774294,0.1516981528630854,0.0002999700082,0.9988165497779846,0.9955272376537323,0.24505298800067973,0.9979012459516524,RMaxNFQAgent,0.99,5,,3.11797e-06,14.8327,28.0,134.0,,,,,1.0,4096,FlatteningReplayBuffer,"(5, 5, 3)",,0,0,100,128,1,0,0,1000000,8,True,2
DRMAgent,sweep_c69,10,0.595489658229053,0.5108385824486706,0.16154134372295137,0.0,0.9945979714393616,0.9861333072185516,0.0027182491030543748,0.9933757036924361,DRMAgent,0.99,5,73.0,1.27007e-05,7.20274,,,1.0,128.0,True,1.0,,16384,FlatteningReplayBuffer,"(5, 5, 3)",,0,0,100,32,1,1,0,1000000,1,True,32
RMaxNFQAgent,sweep_c53,10,0.5422476393403486,0.4582924816389699,0.14492480765100416,0.0028945005033165,0.9816717505455016,0.6154877692461014,0.08784649427980179,0.9685778170824051,RMaxNFQAgent,0.99,5,,2.43986e-06,14.1727,33.0,156.0,,,,,1.0,65536,FlatteningReplayBuffer,"(5, 5, 3)",,0,0,100,128,1,8,0,1000000,64,True,4
DRMAgent,sweep_c26,10,0.32219620496034623,0.2674311087238183,0.08456914207513916,0.072278581559658,0.884131669998169,0.25578844547271723,0.11457422189414496,0.4417094439268112,DRMAgent,0.99,5,449.0,0.00949195,0.570028,,,1.0,4096.0,True,1.0,,65536,FlatteningReplayBuffer,"(5, 5, 3)",,0,0,100,512,1,6,0,1000000,1,True,128
DRMAgent,sweep_c84,10,0.297986953297368,0.47877175199137,0.15140092156419852,9.999999747378752e-05,0.9977583885192872,0.0005498900136444,0.000249970002187125,0.7357154500205069,DRMAgent,0.99,5,149.0,4.66752e-05,8.65233,,,1.0,256.0,True,1.0,,8192,FlatteningReplayBuffer,"(5, 5, 3)",,0,0,100,256,1,2,0,1000000,2,True,1024
DRMAgent,sweep_c36,10,0.2903125149663538,0.45096763828705283,0.14260848880140414,0.0005998200504109,0.9796469211578368,0.00920981285162265,0.002347191271837775,0.6954717999324203,DRMAgent,0.99,5,171.0,9.82558e-05,10.8056,,,1.0,2048.0,True,1.0,,32768,FlatteningReplayBuffer,"(5, 5, 3)",,0,0,100,256,1,6,0,1000000,1,True,16
DRMAgent,sweep_c99,10,0.19262763916194667,0.40537462612033154,0.12819071241794336,9.999999747378752e-05,0.9696776866912842,0.0001999999949475,0.0001999999949475,0.0011992055733571,DRMAgent,0.99,5,149.0,0.00731687,1.04898,,,1.0,256.0,True,1.0,,65536,FlatteningReplayBuffer,"(5, 5, 3)",,0,0,100,512,1,2,0,1000000,8,True,256
DRMAgent,sweep_c94,10,0.13756451234221453,0.06883102882063481,0.021766282476589932,0.0869818478822708,0.3288645446300506,0.12430996075272555,0.11317386850714675,0.1286793127655982,DRMAgent,0.99,5,113.0,0.0497051,14.1065,,,1.0,8192.0,True,1.0,,1024,FlatteningReplayBuffer,"(5, 5, 3)",,0,0,100,128,1,8,0,1000000,1,True,1024
DRMAgent,sweep_c87,10,0.13746044412255282,0.06308694903692735,0.01994984495876564,0.0522234216332435,0.2414417713880539,0.1310961917042732,0.09156712703406802,0.16228491440415377,DRMAgent,0.99,5,243.0,0.0241064,7.20306,,,1.0,512.0,True,1.0,,32768,FlatteningReplayBuffer,"(5, 5, 3)",,0,0,100,128,1,9,0,1000000,1,True,16
DRMAgent,sweep_c14,10,0.13279923051595682,0.004681553520016926,0.0014804372111232164,0.1276270598173141,0.1419882178306579,0.13175341486930847,0.12943155691027636,0.13359439000487325,DRMAgent,0.99,5,418.0,2.32878e-06,12.8443,,,1.0,256.0,True,1.0,,8192,FlatteningReplayBuffer,"(5, 5, 3)",,0,0,100,16,1,2,0,1000000,512,True,1
DRMAgent,sweep_c30,10,0.12259581834077833,0.00913739800958431,0.0028894989597775477,0.111473836004734,0.1393582671880722,0.12128898873925205,0.1151569131761789,0.12626299262046808,DRMAgent,0.99,5,368.0,0.0285351,9.21972,,,1.0,16384.0,True,1.0,,8192,FlatteningReplayBuffer,"(5, 5, 3)",,0,0,100,16,1,5,0,1000000,512,True,8192
RMaxNFQAgent,sweep_c55,10,0.10491185782011594,0.07541026713078196,0.02384682030950016,0.0018992403056472,0.1932304203510284,0.1128015518188476,0.0386983416974544,0.16970375925302503,RMaxNFQAgent,0.99,5,,0.000800428,10.8992,77.0,78.0,,,,,1.0,32768,FlatteningReplayBuffer,"(5, 5, 3)",,0,0,100,128,1,8,0,1000000,1,True,64
RMaxNFQAgent,sweep_c74,10,0.10391623480536505,0.3023786585415462,0.09562052768176141,0.0003999600012321,0.9625725150108336,0.0012495651608332502,0.001124632603023125,0.002822422538883975,RMaxNFQAgent,0.99,5,,0.000156159,1.82032,60.0,95.0,,,,,1.0,2048,FlatteningReplayBuffer,"(5, 5, 3)",,0,0,100,64,1,3,0,1000000,2,True,4096
RMaxNFQAgent,sweep_c4,10,0.10202802978456016,0.021596092033114002,0.006829283938325672,0.0516732297837734,0.1154512241482734,0.11186077445745465,0.10631937347352496,0.11372342146933073,RMaxNFQAgent,0.99,5,,0.0565134,13.7819,70.0,48.0,,,,,1.0,65536,FlatteningReplayBuffer,"(5, 5, 3)",,0,0,100,512,1,6,0,1000000,1,True,8192
RMaxNFQAgent,sweep_c71,10,0.09979607967397894,0.3142480558442642,0.09937396067476618,9.999999747378752e-05,0.9941614866256714,0.0003999600012321,0.000399930009734775,0.000574885008973,RMaxNFQAgent,0.99,5,,6.03376e-06,6.21012,2.0,38.0,,,,,1.0,4096,FlatteningReplayBuffer,"(5, 5, 3)",,0,0,100,128,1,2,0,1000000,16,True,2048
DRMAgent,sweep_c13,10,0.09883298972054035,0.3124319533408994,0.09879965863726956,0.0,0.9880298972129822,0.0,0.0,7.499999810534064e-05,DRMAgent,0.99,5,98.0,2.72058e-05,1.8453,,,1.0,1024.0,True,1.0,,8192,FlatteningReplayBuffer,"(5, 5, 3)",,0,0,100,64,1,5,0,1000000,4,True,64
DRMAgent,sweep_c60,10,0.03514896633569146,0.022538720411739842,0.007127369204682595,0.002996404422447,0.0702302008867263,0.0344480089843273,0.024518880527466452,0.04608601797372097,DRMAgent,0.99,5,313.0,0.0137084,9.52146,,,1.0,32768.0,True,1.0,,32768,FlatteningReplayBuffer,"(5, 5, 3)",,0,0,100,512,1,9,0,1000000,2,True,4096
DRMAgent,sweep_c70,10,0.03481787201017137,0.004108084171240364,0.0012990902800804733,0.0263548996299505,0.0408786460757255,0.035354495048522894,0.03280227631330485,0.037437671795487376,DRMAgent,0.99,5,172.0,0.000622799,4.51556,,,1.0,1024.0,True,1.0,,32768,FlatteningReplayBuffer,"(5, 5, 3)",,0,0,100,32,1,8,0,1000000,512,True,2
DRMAgent,sweep_c8,10,0.030146987363696053,0.0035946932228157463,0.0011367418073668907,0.0214477218687534,0.0337944664061069,0.031090898439288098,0.029047512914985398,0.0320268417708575,DRMAgent,0.99,5,309.0,0.00169961,6.73034,,,1.0,1024.0,True,1.0,,65536,FlatteningReplayBuffer,"(5, 5, 3)",,0,0,100,64,1,3,0,1000000,512,True,16
DRMAgent,sweep_c28,10,0.02272721417248244,0.001964499100255773,0.0006212291618159713,0.0206513106822967,0.0263548996299505,0.02242167387157675,0.02117780409753315,0.0238691461272537,DRMAgent,0.99,5,254.0,8.39607e-05,0.842869,,,1.0,8192.0,True,1.0,,65536,FlatteningReplayBuffer,"(5, 5, 3)",,0,0,100,32,1,6,0,1000000,256,True,8192
DRMAgent,sweep_c82,10,0.01759828720241781,0.001920927928149205,0.000607450747397976,0.0141406096518039,0.0208519510924816,0.017256808467209298,0.016630557831376725,0.01891203923150895,DRMAgent,0.99,5,53.0,0.0255245,4.32261,,,1.0,2048.0,True,1.0,,8192,FlatteningReplayBuffer,"(5, 5, 3)",,0,0,100,256,1,9,0,1000000,2,True,2
RMaxNFQAgent,sweep_c61,10,0.017172783892601674,0.002540408487247572,0.0008033477006925143,0.0142345214262604,0.0233042445033788,0.0164536600932478,0.01574312895536415,0.01781095890328285,RMaxNFQAgent,0.99,5,,0.377694,8.75422,85.0,111.0,,,,,1.0,8192,FlatteningReplayBuffer,"(5, 5, 3)",,0,0,100,16,1,2,0,1000000,256,True,256
DRMAgent,sweep_c56,10,0.015455825719982339,0.005846536423105121,0.0018488371520146065,0.0080822193995118,0.0250198561698198,0.013752804137766299,0.011019343975931375,0.020552997943013823,DRMAgent,0.99,5,84.0,0.00607843,3.66038,,,1.0,256.0,True,1.0,,32768,FlatteningReplayBuffer,"(5, 5, 3)",,0,0,100,16,1,9,0,1000000,1,True,64
RMaxNFQAgent,sweep_c65,10,0.015219010785222,0.0020570827344275422,0.00065050667761983,0.0121477646753191,0.017881978303194,0.015373901464045,0.013781890971586075,0.01672964170575135,RMaxNFQAgent,0.99,5,,1.4908e-06,3.07966,44.0,119.0,,,,,1.0,32768,FlatteningReplayBuffer,"(5, 5, 3)",,0,0,100,16,1,5,0,1000000,512,True,8
DRMAgent,sweep_c54,10,0.01201874380931253,0.0012802288148387976,0.000404843898106857,0.0095684239640831,0.0139317344874143,0.0118021988309919,0.011498837964609224,0.013036315562203525,DRMAgent,0.99,5,443.0,0.0514064,11.1371,,,1.0,64.0,True,1.0,,16384,FlatteningReplayBuffer,"(5, 5, 3)",,0,0,100,256,1,2,0,1000000,512,True,32
RMaxNFQAgent,sweep_c88,10,0.01106345616281027,0.001931755553288922,0.0006108747431071765,0.0077789966017007,0.0132364649325609,0.011801584158092699,0.009810767602175426,0.0124141636770218,RMaxNFQAgent,0.99,5,,0.00462479,13.1606,34.0,150.0,,,,,1.0,8192,FlatteningReplayBuffer,"(5, 5, 3)",,0,0,100,32,1,8,0,1000000,512,True,8
RMaxNFQAgent,sweep_c26,10,0.01100415076434724,0.014327336475688034,0.004530701606678383,9.999999747378752e-05,0.0457635223865509,0.00740364729426795,0.0003999075343017,0.01621682429686185,RMaxNFQAgent,0.99,5,,0.00810965,2.90229,5.0,33.0,,,,,1.0,16384,FlatteningReplayBuffer,"(5, 5, 3)",,0,0,100,512,1,0,0,1000000,4,True,256
DRMAgent,sweep_c48,10,0.01054016873240465,0.0012765001088425407,0.0004036647777395271,0.0080781886354088,0.0118455104529857,0.011108912993222399,0.00954392645508045,0.0112538589164614,DRMAgent,0.99,5,326.0,0.00902553,8.18786,,,1.0,512.0,True,1.0,,8192,FlatteningReplayBuffer,"(5, 5, 3)",,0,0,100,16,1,4,0,1000000,32,True,8192
DRMAgent,sweep_c95,10,0.01048909579403694,0.001769952883127078,0.0005597082461863373,0.0074812965467572,0.0122473360970616,0.0109572764486074,0.009690329432487425,0.0119474316015839,DRMAgent,0.99,5,44.0,0.138563,0.949158,,,1.0,2048.0,True,1.0,,4096,FlatteningReplayBuffer,"(5, 5, 3)",,0,0,100,32,1,9,0,1000000,512,True,512
DRMAgent,sweep_c12,10,0.00926954685710365,0.0015036059296094724,0.0004754819440900743,0.0061863898299634,0.0114462031051516,0.009273028932511751,0.008476673858240174,0.010292339138686626,DRMAgent,0.99,5,141.0,0.000456788,1.32736,,,1.0,2048.0,True,1.0,,2048,FlatteningReplayBuffer,"(5, 5, 3)",,0,0,100,128,1,4,0,1000000,512,True,8192
DRMAgent,sweep_c40,10,0.009070191414502861,0.008445846448757876,0.0026708111546119473,0.0001999999949475,0.028316831216216,0.00787984649650745,0.0036462512798607002,0.012571377214044326,DRMAgent,0.99,5,60.0,0.0134826,0.663583,,,1.0,4096.0,True,1.0,,32768,FlatteningReplayBuffer,"(5, 5, 3)",,0,0,100,512,1,7,0,1000000,4,True,1024
RMaxNFQAgent,sweep_c9,10,0.00889610172744139,0.018785881896231794,0.005940617464701539,0.0,0.0543209873139858,0.0002999700082,4.9999998736875e-05,0.001298910974583075,RMaxNFQAgent,0.99,5,,0.00414243,4.27082,84.0,36.0,,,,,1.0,2048,FlatteningReplayBuffer,"(5, 5, 3)",,0,0,100,512,1,7,0,1000000,4,True,1
DRMAgent,sweep_c49,10,0.00750177763402457,0.0008970468239825378,0.00028367111316049756,0.0058882236480712,0.0088786911219358,0.00777937006205315,0.006958807585760901,0.008029320510104274,DRMAgent,0.99,5,165.0,1.61947e-06,13.1298,,,1.0,256.0,True,1.0,,4096,FlatteningReplayBuffer,"(5, 5, 3)",,0,0,100,128,1,4,0,1000000,512,True,2048
DRMAgent,sweep_c66,10,0.0074276203959015505,0.005410410829849438,0.001710922129956594,0.0003999999898951,0.0157339181751012,0.0096734282560646,0.0021487682242877,0.0104191966820508,DRMAgent,0.99,5,255.0,0.267059,10.8659,,,1.0,2048.0,True,1.0,,2048,FlatteningReplayBuffer,"(5, 5, 3)",,0,0,100,64,1,9,0,1000000,2,True,32
RMaxNFQAgent,sweep_c60,10,0.006484255380928471,0.0010276613280297436,0.0003249750459847427,0.0049910163506865,0.0081746587529778,0.00648479070514435,0.0057133840164169,0.007254993077367525,RMaxNFQAgent,0.99,5,,0.0292667,5.67003,58.0,39.0,,,,,1.0,1024,FlatteningReplayBuffer,"(5, 5, 3)",,0,0,100,16,1,5,0,1000000,128,True,1
DRMAgent,sweep_c51,10,0.0062256498727946905,0.000756679107669156,0.0002392829438098316,0.0046920236200094,0.007676969282329,0.0062362705357372,0.00603551475796845,0.00651018368080255,DRMAgent,0.99,5,154.0,1.23092e-06,5.02586,,,1.0,8192.0,True,1.0,,4096,FlatteningReplayBuffer,"(5, 5, 3)",,0,0,100,32,1,9,0,1000000,128,True,256
RMaxNFQAgent,sweep_c56,10,0.0061245371121912695,0.0015314416307998678,0.00048428436569302526,0.0042935595847666,0.0093662813305854,0.0059856246225535505,0.005114648491144125,0.00698003591969605,RMaxNFQAgent,0.99,5,,0.000511474,7.32789,12.0,78.0,,,,,1.0,1024,FlatteningReplayBuffer,"(5, 5, 3)",,0,0,100,16,1,2,0,1000000,512,True,1024
DRMAgent,sweep_c93,10,0.00600670222192996,0.000846776289744361,0.0002677741744218859,0.0046920236200094,0.0077774454839527,0.005787556758150399,0.0055891014635562,0.0064351991750299,DRMAgent,0.99,5,467.0,1.26719e-05,11.8611,,,1.0,2048.0,True,1.0,,65536,FlatteningReplayBuffer,"(5, 5, 3)",,0,0,100,128,1,1,0,1000000,128,True,2048
DRMAgent,sweep_c79,10,0.005828030500560929,0.0008541919394507595,0.0002701192087621038,0.004193709231913,0.0072796172462403,0.005838891258463199,0.005364806856960025,0.006188551778905025,DRMAgent,0.99,5,237.0,1.11149e-06,1.80541,,,1.0,1024.0,True,1.0,,16384,FlatteningReplayBuffer,"(5, 5, 3)",,0,0,100,256,1,4,0,1000000,512,True,64
DRMAgent,sweep_c21,10,0.0053504135925322195,0.0006251012799794839,0.00019767438130217812,0.0047913757152855,0.0067837191745638,0.0051901389379054,0.004892416647635325,0.00556567555759095,DRMAgent,0.99,5,472.0,0.000408338,0.296736,,,1.0,256.0,True,1.0,,65536,FlatteningReplayBuffer,"(5, 5, 3)",,0,0,100,256,1,7,0,1000000,256,True,1024
DRMAgent,sweep_c11,10,0.00523020252585407,0.0006077373414234227,0.00019218342180334126,0.0041928719729185,0.006086609326303,0.00519013870507475,0.0049164000665768755,0.005689325160346875,DRMAgent,0.99,5,362.0,0.00124913,12.1933,,,1.0,16384.0,True,1.0,,8192,FlatteningReplayBuffer,"(5, 5, 3)",,0,0,100,512,1,3,0,1000000,512,True,512
DRMAgent,sweep_c5,10,0.00496336219366635,0.0011880473760346878,0.0003756935676456155,0.00319744204171,0.006489616818726,0.0049433140084147,0.004195160465314925,0.00596545520238575,DRMAgent,0.99,5,253.0,0.0772916,3.73427,,,1.0,2048.0,True,1.0,,32768,FlatteningReplayBuffer,"(5, 5, 3)",,0,0,100,512,1,3,0,1000000,2,True,512
DRMAgent,sweep_c75,10,0.00457238901872184,0.0006404096139280077,0.00020251530154815952,0.0032967033330351,0.0052920617163181,0.00459261215291915,0.00424341508187345,0.005064613767899524,DRMAgent,0.99,5,210.0,1.12137e-06,6.67533,,,1.0,2048.0,True,1.0,,32768,FlatteningReplayBuffer,"(5, 5, 3)",,0,0,100,64,1,1,0,1000000,128,True,4
RMaxNFQAgent,sweep_c54,10,0.0038937341072596207,0.001249525958322692,0.0003951348023804334,0.0018986709183081,0.0060847881250083,0.004143340745940751,0.003545652783941425,0.004293452482670525,RMaxNFQAgent,0.99,5,,0.00607843,3.9648,16.0,172.0,,,,,1.0,1024,FlatteningReplayBuffer,"(5, 5, 3)",,0,0,100,16,1,2,0,1000000,128,True,4
DRMAgent,sweep_c10,10,0.00375514936167742,0.0004315812301499743,0.00013647796826512514,0.0028968134429305,0.0043929712846875,0.0037453158292919,0.0036209246027282998,0.00406940281391135,DRMAgent,0.99,5,388.0,5.8712e-06,13.8584,,,1.0,256.0,True,1.0,,2048,FlatteningReplayBuffer,"(5, 5, 3)",,0,0,100,512,1,6,0,1000000,256,True,8192
RMaxNFQAgent,sweep_c28,10,0.00372469096910205,0.0008236460403676362,0.0002604597473340719,0.0022983911912888,0.0046915551647543,0.0039442783454433,0.002997055358719075,0.004392861621454325,RMaxNFQAgent,0.99,5,,0.000570305,3.22602,53.0,43.0,,,,,1.0,4096,FlatteningReplayBuffer,"(5, 5, 3)",,0,0,100,16,1,1,0,1000000,64,True,32
RMaxNFQAgent,sweep_c97,10,0.0035740067483856705,0.0018410190119052942,0.0005821813293293375,0.0020985309965908,0.008468666113913,0.00319650385063135,0.0024481689324601747,0.003695081511977975,RMaxNFQAgent,0.99,5,,1.37531e-05,1.98391,77.0,44.0,,,,,1.0,32768,FlatteningReplayBuffer,"(5, 5, 3)",,0,0,100,64,1,8,0,1000000,256,True,32
RMaxNFQAgent,sweep_c82,10,0.0033758297562598793,0.0010168230746221275,0.00032154768932212785,0.0020985309965908,0.0051896208897233,0.00289768178481605,0.00289695814717555,0.00386954529676585,RMaxNFQAgent,0.99,5,,0.00117119,8.08437,73.0,108.0,,,,,1.0,2048,FlatteningReplayBuffer,"(5, 5, 3)",,0,0,100,128,1,8,0,1000000,256,True,2048
DRMAgent,sweep_c38,10,0.00336595503613348,0.0004999362797362684,0.0001580937328917691,0.0022983911912888,0.0038941588718444,0.0034956254530697497,0.0032216135296038997,0.0037447424838318753,DRMAgent,0.99,5,245.0,0.0205275,4.68741,,,1.0,64.0,True,1.0,,2048,FlatteningReplayBuffer,"(5, 5, 3)",,0,0,100,64,1,7,0,1000000,64,True,16
RMaxNFQAgent,sweep_c70,10,0.0031753765884786505,0.0013174415859593506,0.0004166116095856054,0.0021984609775245,0.0058846999891102,0.00249775208067145,0.0022983911912888,0.0032962093246169,RMaxNFQAgent,0.99,5,,2.06686e-05,4.02116,65.0,95.0,,,,,1.0,16384,FlatteningReplayBuffer,"(5, 5, 3)",,0,0,100,64,1,1,0,1000000,64,True,8192
DRMAgent,sweep_c32,10,0.00310633357148613,0.0008510541530184405,0.0002691269535683736,0.0019988007843494,0.0044928113929927,0.00299670372623945,0.002372971677686975,0.0037698145606554247,DRMAgent,0.99,5,468.0,0.000472032,12.9343,,,1.0,128.0,True,1.0,,4096,FlatteningReplayBuffer,"(5, 5, 3)",,0,0,100,512,1,8,0,1000000,256,True,2
DRMAgent,sweep_c83,10,0.0029952082666567905,0.0014141291947121794,0.0004471869161030225,0.001299480209127,0.0063770427368581,0.0025479616597294,0.002273221383802575,0.003345476055983375,DRMAgent,0.99,5,406.0,3.54391e-05,5.16437,,,1.0,16384.0,True,1.0,,8192,FlatteningReplayBuffer,"(5, 5, 3)",,0,0,100,32,1,1,0,1000000,2,True,8192
DRMAgent,sweep_c53,10,0.00284734552260482,0.0004688045806805028,0.00014824902524705584,0.0020985309965908,0.0034961542114615,0.0028472875710576,0.00257305894047015,0.0031964839436113,DRMAgent,0.99,5,219.0,0.222282,4.416,,,1.0,512.0,True,1.0,,65536,FlatteningReplayBuffer,"(5, 5, 3)",,0,0,100,128,1,7,0,1000000,64,True,8192
DRMAgent,sweep_c97,10,0.0027866234886459494,0.0007168488771994388,0.0002266875190084571,0.0017989206826314,0.003794687334448,0.0025473277783021,0.0022981613874435,0.00351883866824205,DRMAgent,0.99,5,357.0,0.0011136,13.9534,,,1.0,16384.0,True,1.0,,65536,FlatteningReplayBuffer,"(5, 5, 3)",,0,0,100,256,1,3,0,1000000,128,True,16
RMaxNFQAgent,sweep_c81,10,0.00257714555482375,0.0009775066644303956,0.00030911474875939485,0.0008998200646601,0.0042927023023366,0.0025975224561989,0.001898775895824625,0.00304641661932685,RMaxNFQAgent,0.99,5,,0.00141292,8.18769,15.0,128.0,,,,,1.0,4096,FlatteningReplayBuffer,"(5, 5, 3)",,0,0,100,16,1,9,0,1000000,64,True,16
RMaxNFQAgent,sweep_c59,10,0.0025275756255723003,0.0005041384068726363,0.00015942256216862146,0.0018990504322573,0.0036937205586582,0.0023985607549548,0.002297989209182475,0.0027221928467042003,RMaxNFQAgent,0.99,5,,0.10292,12.0904,49.0,63.0,,,,,1.0,8192,FlatteningReplayBuffer,"(5, 5, 3)",,0,0,100,16,1,1,0,1000000,64,True,32
RMaxNFQAgent,sweep_c7,10,0.0024275437230243902,0.00040735760029070935,0.000128817783909911,0.0016991504235193,0.0027963647153228,0.0025977769400924,0.002148438594303975,0.00277118047233665,RMaxNFQAgent,0.99,5,,0.00179548,2.30976,90.0,171.0,,,,,1.0,8192,FlatteningReplayBuffer,"(5, 5, 3)",,0,0,100,256,1,1,0,1000000,256,True,128
DRMAgent,sweep_c41,10,0.00237794697750354,0.0007524792623379836,0.00023795483610313867,0.0015992004191502,0.0039944075979292,0.00229815149214115,0.0017988157924264,0.0024981887545436,DRMAgent,0.99,5,290.0,0.000164828,1.08094,,,1.0,128.0,True,1.0,,2048,FlatteningReplayBuffer,"(5, 5, 3)",,0,0,100,32,1,2,0,1000000,8,True,64
DRMAgent,sweep_c98,10,0.00233755946392187,0.0010533935109578352,0.0003331122767068297,0.0013993002939969,0.0050888047553598,0.0021481665316968497,0.00167402060469605,0.0023980815894901,DRMAgent,0.99,5,361.0,0.00064242,4.06149,,,1.0,2048.0,True,1.0,,1024,FlatteningReplayBuffer,"(5, 5, 3)",,0,0,100,16,1,1,0,1000000,4,True,1
DRMAgent,sweep_c35,10,0.0023282134556211,0.0005346308002397002,0.0001690651036035947,0.0016989805735647,0.0032963738776743,0.0021486958721652,0.0019985011313110247,0.0025976322358473754,DRMAgent,0.99,5,447.0,0.00149776,5.69613,,,1.0,512.0,True,1.0,,16384,FlatteningReplayBuffer,"(5, 5, 3)",,0,0,100,16,1,2,0,1000000,4,True,16
DRMAgent,sweep_c50,10,0.00228817650349803,0.0004717892301358471,0.00014919285427666276,0.0015992004191502,0.0030972124077379,0.00234776712022715,0.001998700900003225,0.0024979391600936,DRMAgent,0.99,5,362.0,0.0580926,12.0192,,,1.0,128.0,True,1.0,,1024,FlatteningReplayBuffer,"(5, 5, 3)",,0,0,100,16,1,1,0,1000000,8,True,1
DRMAgent,sweep_c7,10,0.00217823357088485,0.0004908693029134621,0.00015522650306656663,0.0014992504147812,0.0029961050022393,0.00219812663272015,0.0018487558991182249,0.0024979391600936,DRMAgent,0.99,5,478.0,0.000773221,8.31388,,,1.0,1024.0,True,1.0,,2048,FlatteningReplayBuffer,"(5, 5, 3)",,0,0,100,256,1,7,0,1000000,32,True,4096
DRMAgent,sweep_c88,10,0.0021682914346456,0.00034924126901713477,0.00011043978630217404,0.001499100588262,0.0024982511531561,0.0021983513142913,0.0019487258687149,0.0024974402040242997,DRMAgent,0.99,5,74.0,0.0250634,13.3213,,,1.0,64.0,True,1.0,,8192,FlatteningReplayBuffer,"(5, 5, 3)",,0,0,100,16,1,2,0,1000000,32,True,64
RMaxNFQAgent,sweep_c32,10,0.00201866192510347,0.0002613977756059175,8.266123462162999e-05,0.001499100588262,0.0022983911912888,0.0020988456672056998,0.001823905680794225,0.00219840608770025,RMaxNFQAgent,0.99,5,,1.2872e-06,3.48317,5.0,133.0,,,,,1.0,32768,FlatteningReplayBuffer,"(5, 5, 3)",,0,0,100,64,1,2,0,1000000,512,True,8192
RMaxNFQAgent,sweep_c77,10,0.00198874286143104,0.00033761243187555566,0.00010676242511151884,0.0014994002413004,0.0024972530081868,0.00189914536895225,0.0017490305472165001,0.00229844107525415,RMaxNFQAgent,0.99,5,,0.0133724,7.19916,79.0,112.0,,,,,1.0,16384,FlatteningReplayBuffer,"(5, 5, 3)",,0,0,100,16,1,4,0,1000000,16,True,64
RMaxNFQAgent,sweep_c27,10,0.00198869486339385,0.0002920283306091542,9.23474666021594e-05,0.0015988807426765,0.0022986207623034,0.0020486708963289,0.0017240480519831,0.00227323628496375,RMaxNFQAgent,0.99,5,,0.167461,9.25767,71.0,1.0,,,,,1.0,1024,FlatteningReplayBuffer,"(5, 5, 3)",,0,0,100,128,1,0,0,1000000,32,True,8192
DRMAgent,sweep_c3,10,0.0019487887504510103,0.0002633352055533578,8.327390376572315e-05,0.001499100588262,0.0023985607549548,0.00194883072981605,0.001798965618945625,0.0020986883318982246,DRMAgent,0.99,5,52.0,0.000122592,9.20222,,,1.0,2048.0,True,1.0,,8192,FlatteningReplayBuffer,"(5, 5, 3)",,0,0,100,256,1,9,0,1000000,128,True,8192
DRMAgent,sweep_c59,10,0.0018985243514179702,0.0006278529751542008,0.00019854454372003817,0.0009997000452131,0.002697033341974,0.00184876093408085,0.001499287871411,0.00247268466046075,DRMAgent,0.99,5,166.0,4.18363e-06,9.76998,,,1.0,16384.0,True,1.0,,8192,FlatteningReplayBuffer,"(5, 5, 3)",,0,0,100,128,1,3,0,1000000,128,True,1
RMaxNFQAgent,sweep_c31,10,0.0018389296601525897,0.0002910367474447594,9.203390047326292e-05,0.0013994402252137,0.0021982414182275,0.0018489756039343501,0.0016242653364315,0.0020986883318982246,RMaxNFQAgent,0.99,5,,0.248155,12.9897,14.0,69.0,,,,,1.0,32768,FlatteningReplayBuffer,"(5, 5, 3)",,0,0,100,16,1,5,0,1000000,4,True,8192
DRMAgent,sweep_c15,10,0.0018089666147715802,0.000310437870911756,9.816907440544811e-05,0.001299480209127,0.0021984609775245,0.0018488757195882,0.0015492953243664749,0.002073755778837875,DRMAgent,0.99,5,64.0,0.00560353,12.4683,,,1.0,32768.0,True,1.0,,2048,FlatteningReplayBuffer,"(5, 5, 3)",,0,0,100,128,1,9,0,1000000,2,True,8192
DRMAgent,sweep_c68,10,0.0017790055833756403,0.000281799331046571,8.911277292189651e-05,0.001299480209127,0.0020989505574107,0.0017990055494010002,0.0015492953243664749,0.0019988007843494,DRMAgent,0.99,5,2.0,1.6177e-05,11.2449,,,1.0,128.0,True,1.0,,16384,FlatteningReplayBuffer,"(5, 5, 3)",,0,0,100,64,1,2,0,1000000,1,True,8192
RMaxNFQAgent,sweep_c29,10,0.00177900558337564,0.000281799331046571,8.911277292189651e-05,0.001299480209127,0.0020989505574107,0.0017990055494010002,0.0015492953243664749,0.0019988007843494,RMaxNFQAgent,0.99,5,,1.0472e-06,10.9012,1.0,2.0,,,,,1.0,2048,FlatteningReplayBuffer,"(5, 5, 3)",,0,0,100,32,1,3,0,1000000,2,True,8192
DRMAgent,sweep_c46,10,0.0017188558238558002,0.00047742190826123836,0.00015097406349694713,0.0006998600438237,0.0023980815894901,0.0017489506280980501,0.00147428287891665,0.0019733664521481504,DRMAgent,0.99,5,235.0,0.000170434,12.4221,,,1.0,16384.0,True,1.0,,2048,FlatteningReplayBuffer,"(5, 5, 3)",,0,0,100,256,1,5,0,1000000,128,True,512
DRMAgent,sweep_c52,10,0.0016891165170817997,0.0002995096245958441,9.471325948648556e-05,0.0011995201930403,0.0021982414182275,0.00169906555674965,0.0014991755015216,0.0018743477412499,DRMAgent,0.99,5,196.0,0.208554,0.600908,,,1.0,16384.0,True,1.0,,2048,FlatteningReplayBuffer,"(5, 5, 3)",,0,0,100,512,1,0,0,1000000,256,True,2048
DRMAgent,sweep_c25,10,0.00161916546057905,0.0002971124511789804,9.395520669211579e-05,0.0011995201930403,0.0020989505574107,0.001649260346312,0.001424250367563175,0.001799055491574075,DRMAgent,0.99,5,305.0,1.36528e-05,2.48519,,,1.0,2048.0,True,1.0,,8192,FlatteningReplayBuffer,"(5, 5, 3)",,0,0,100,512,1,0,0,1000000,128,True,2048
RMaxNFQAgent,sweep_c0,10,0.00160917446482922,0.00022801146612419916,7.210355655867942e-05,0.0011996401008218,0.0018990504322573,0.0016491804271936,0.001424467714969,0.0017987409373745,RMaxNFQAgent,0.99,5,,0.096538,13.4085,97.0,21.0,,,,,1.0,16384,FlatteningReplayBuffer,"(5, 5, 3)",,0,0,100,256,1,3,0,1000000,128,True,4096
RMaxNFQAgent,sweep_c25,10,0.0016090926132164302,0.0004452213942959796,0.00014079136690111938,0.0009998000459745,0.0023976024240255,0.0015991904074325498,0.00127454267931165,0.0018491178925614251,RMaxNFQAgent,0.99,5,,0.147131,13.1808,72.0,17.0,,,,,1.0,65536,FlatteningReplayBuffer,"(5, 5, 3)",,0,0,100,512,1,9,0,1000000,512,True,4096
RMaxNFQAgent,sweep_c18,10,0.00159853294608176,0.0009901109268427492,0.0003131005665043434,0.0007999200024642,0.0033945688046514,0.0011995201930403,0.0009247650887118001,0.001599120500031775,RMaxNFQAgent,0.99,5,,1.15993e-05,7.2734,64.0,52.0,,,,,1.0,65536,FlatteningReplayBuffer,"(5, 5, 3)",,0,0,100,32,1,9,0,1000000,16,True,2048
DRMAgent,sweep_c80,10,0.00154907463002013,0.00047146121602190696,0.00014908912710618946,0.0007996801286935,0.0023980815894901,0.0015492204111068998,0.001424250367563175,0.0017489906167611,DRMAgent,0.99,5,362.0,0.0272459,10.2049,,,1.0,128.0,True,1.0,,8192,FlatteningReplayBuffer,"(5, 5, 3)",,0,0,100,256,1,7,0,1000000,64,True,1024
RMaxNFQAgent,sweep_c86,10,0.00148913557641202,0.00047196385566624244,0.00014924807571802917,0.0005999400164,0.0020983214490115,0.0015491454978472999,0.00127450522268185,0.001773893221979925,RMaxNFQAgent,0.99,5,,6.96673e-06,1.25989,63.0,111.0,,,,,1.0,1024,FlatteningReplayBuffer,"(5, 5, 3)",,0,0,100,64,1,2,0,1000000,128,True,1
DRMAgent,sweep_c24,10,0.0014691934862639101,0.00035569696482760926,0.00011248125656640465,0.0008996401447802,0.0020985309965908,0.00149932538624845,0.001424250367563175,0.001599120500031775,DRMAgent,0.99,5,184.0,0.00305114,2.07193,,,1.0,32768.0,True,1.0,,16384,FlatteningReplayBuffer,"(5, 5, 3)",,0,0,100,128,1,7,0,1000000,64,True,1
RMaxNFQAgent,sweep_c35,10,0.0013593064155429,0.0003772916909712288,0.00011931010857254685,0.0008997300756163,0.0020983214490115,0.00139915052568535,0.0010496101458556252,0.00157409303938035,RMaxNFQAgent,0.99,5,,9.82558e-05,10.9182,47.0,174.0,,,,,1.0,1024,FlatteningReplayBuffer,"(5, 5, 3)",,0,0,100,16,1,4,0,1000000,16,True,4
DRMAgent,sweep_c76,10,0.00129935833974736,0.00036482423278901894,0.00011536755212367829,0.0006998600438237,0.0018988606752827,0.0013993702596053,0.0010246376041322751,0.001499100588262,DRMAgent,0.99,5,408.0,4.37689e-06,8.41691,,,1.0,128.0,True,1.0,,4096,FlatteningReplayBuffer,"(5, 5, 3)",,0,0,100,512,1,7,0,1000000,128,True,4
DRMAgent,sweep_c89,10,0.0012194682785775,0.0004362512873599181,0.0001379547700237965,0.0006998600438237,0.0017989206826314,0.0010497350594959498,0.0009247225680155,0.0015992004191502,DRMAgent,0.99,5,455.0,0.726241,14.6857,,,1.0,16384.0,True,1.0,,2048,FlatteningReplayBuffer,"(5, 5, 3)",,0,0,100,512,1,4,0,1000000,64,True,32
DRMAgent,sweep_c71,10,0.0011595402029342399,0.00035939047234870324,0.00011364924619856659,0.0007998400251381,0.0017994601512327,0.00104958016891025,0.00089975257287725,0.0012993178388569248,DRMAgent,0.99,5,274.0,0.00268415,5.71118,,,1.0,256.0,True,1.0,,4096,FlatteningReplayBuffer,"(5, 5, 3)",,0,0,100,32,1,7,0,1000000,8,True,256
DRMAgent,sweep_c57,10,0.0011094902554759302,0.0003925393639878757,0.00012413184614755633,0.0003999600012321,0.0017989206826314,0.00104958016891025,0.0009996001608669,0.0013742404116783,DRMAgent,0.99,5,73.0,0.000800428,10.7861,,,1.0,32768.0,True,1.0,,4096,FlatteningReplayBuffer,"(5, 5, 3)",,0,0,100,64,1,9,0,1000000,64,True,512
DRMAgent,sweep_c61,10,0.00107958014996252,0.00028962905332563933,9.158874850673854e-05,0.0003999600012321,0.0013993002939969,0.0011495351791381,0.0009997000452131,0.0011995201930403,DRMAgent,0.99,5,435.0,5.62777e-06,12.0102,,,1.0,4096.0,True,1.0,,2048,FlatteningReplayBuffer,"(5, 5, 3)",,0,0,100,256,1,3,0,1000000,8,True,4096
RMaxNFQAgent,sweep_c8,10,0.00102907043765296,0.0010884320554338965,0.0003441924373509762,0.0,0.0036929834168404,0.0007998400251381,0.0003999600012321,0.00139935532934025,RMaxNFQAgent,0.99,5,,3.47466e-06,5.09718,49.0,124.0,,,,,1.0,16384,FlatteningReplayBuffer,"(5, 5, 3)",,0,0,100,32,1,9,0,1000000,8,True,1
DRMAgent,sweep_c1,10,0.0009691253035270587,0.0014336088977614206,0.00045334693908095545,9.999999747378752e-05,0.0049920128658413,0.0005498900136444,0.00042494500667087504,0.0006748800369677751,DRMAgent,0.99,5,299.0,0.183465,7.61983,,,1.0,512.0,True,1.0,,16384,FlatteningReplayBuffer,"(5, 5, 3)",,0,0,100,32,1,0,0,1000000,2,True,256
RMaxNFQAgent,sweep_c5,10,0.0009097151021705502,0.0002599473726032639,8.220257692027673e-05,0.0003999600012321,0.0011995201930403,0.0009497600549366,0.0007249075133586,0.0010995601769536,RMaxNFQAgent,0.99,5,,0.132293,11.089,31.0,33.0,,,,,1.0,8192,FlatteningReplayBuffer,"(5, 5, 3)",,0,0,100,256,1,7,0,1000000,8,True,4096
DRMAgent,sweep_c90,10,0.0008897241001249801,0.00024227565365426637,7.661428871535781e-05,0.0003999600012321,0.0011995201930403,0.0009497101127635,0.0007249075133586,0.001074512721970625,DRMAgent,0.99,5,22.0,4.84905e-06,14.9953,,,1.0,64.0,True,1.0,,16384,FlatteningReplayBuffer,"(5, 5, 3)",,0,0,100,512,1,0,0,1000000,8,True,4096
RMaxNFQAgent,sweep_c24,10,0.00086968115938357,0.0003462617905700965,0.00010949759248897182,0.0002999700082,0.0014988009352236,0.000799760047812,0.0006998600438237,0.0011245951609452501,RMaxNFQAgent,0.99,5,,0.00323475,5.34882,89.0,123.0,,,,,1.0,8192,FlatteningReplayBuffer,"(5, 5, 3)",,0,0,100,512,1,2,0,1000000,128,True,2048
RMaxNFQAgent,sweep_c19,10,0.0008593128040956487,0.0007032532475788847,0.00022238820342595695,9.999999747378752e-05,0.0020966453012079,0.00064986504730765,0.00032496750645802505,0.0012242904340382,RMaxNFQAgent,0.99,5,,0.000596662,2.95666,72.0,105.0,,,,,1.0,1024,FlatteningReplayBuffer,"(5, 5, 3)",,0,0,100,512,1,2,0,1000000,4,True,32
RMaxNFQAgent,sweep_c40,10,0.0007876328461861287,0.0016893245883791964,0.0005342113406604675,0.0,0.0055765784345567,0.00024998500157375,0.0001999999949475,0.000399950004066325,RMaxNFQAgent,0.99,5,,0.00214892,1.76037,81.0,44.0,,,,,1.0,8192,FlatteningReplayBuffer,"(5, 5, 3)",,0,0,100,512,1,7,0,1000000,8,True,64
DRMAgent,sweep_c96,10,0.0007097950699971599,0.0003245464648944635,0.00010263060356223831,0.0002999700082,0.0010996700730174,0.00064985503559,0.0004999125230824,0.0009996750741265502,DRMAgent,0.99,5,45.0,0.0144953,11.2972,,,1.0,16384.0,True,1.0,,32768,FlatteningReplayBuffer,"(5, 5, 3)",,0,0,100,128,1,9,0,1000000,128,True,1024
RMaxNFQAgent,sweep_c23,10,0.0006998380413278402,0.00024024624831718182,7.59725343992689e-05,0.0003999600012321,0.0010996700730174,0.0005999400164,0.000599835038883575,0.00087475756299675,RMaxNFQAgent,0.99,5,,0.00399655,5.70842,86.0,68.0,,,,,1.0,16384,FlatteningReplayBuffer,"(5, 5, 3)",,0,0,100,128,1,2,0,1000000,64,True,1
DRMAgent,sweep_c92,10,0.00067981905885967,0.0003046345899278696,9.633391582434572e-05,0.0002999700082,0.0010995601769536,0.00064983504125845,0.00042494500667087504,0.0009746326395542501,DRMAgent,0.99,5,332.0,0.197814,2.30549,,,1.0,4096.0,True,1.0,,4096,FlatteningReplayBuffer,"(5, 5, 3)",,0,0,100,256,1,0,0,1000000,32,True,8
DRMAgent,sweep_c22,10,0.00060985404270464,0.00025999691849607485,8.221824470727563e-05,0.0001999999949475,0.0010995601769536,0.0005999100103508,0.0004999125230824,0.000774767555412825,DRMAgent,0.99,5,183.0,0.000196875,2.38585,,,1.0,1024.0,True,1.0,,1024,FlatteningReplayBuffer,"(5, 5, 3)",,0,0,100,128,1,5,0,1000000,2,True,2048
RMaxNFQAgent,sweep_c64,10,0.0005598830270173086,0.00026739829360071293,8.455876502206798e-05,9.999999747378752e-05,0.0008997300756163,0.0005499150138348001,0.000499950023368,0.0007497900369343999,RMaxNFQAgent,0.99,5,,0.267059,10.9769,41.0,41.0,,,,,1.0,32768,FlatteningReplayBuffer,"(5, 5, 3)",,0,0,100,16,1,2,0,1000000,2,True,2048
RMaxNFQAgent,sweep_c66,10,0.0005498870195878787,0.00032392270315684946,0.00010243335278142583,9.999999747378752e-05,0.0010996700730174,0.0005499150138348001,0.00032496750645802505,0.0006748650339431751,RMaxNFQAgent,0.99,5,,1.04491e-06,10.2695,84.0,64.0,,,,,1.0,1024,FlatteningReplayBuffer,"(5, 5, 3)",,0,0,100,64,1,0,0,1000000,32,True,512
DRMAgent,sweep_c63,10,0.0004999240132746801,0.0001563045566912968,4.942784078074098e-05,0.0002999700082,0.0007998400251381,0.0004999250231776,0.000399930009734775,0.0005998800043016,DRMAgent,0.99,5,462.0,1.43666e-06,10.031,,,1.0,16384.0,True,1.0,,8192,FlatteningReplayBuffer,"(5, 5, 3)",,0,0,100,32,1,3,0,1000000,2,True,256
DRMAgent,sweep_c86,10,0.00044993702322242997,0.00015805803857988683,4.998234044112079e-05,0.0002999700082,0.0006998600438237,0.00044995501230005,0.00029997750971230003,0.000499950023368,DRMAgent,0.99,5,357.0,5.1455e-06,8.90683,,,1.0,4096.0,True,1.0,,4096,FlatteningReplayBuffer,"(5, 5, 3)",,0,0,100,256,1,5,0,1000000,16,True,1024
DRMAgent,sweep_c64,10,0.00044992902257943757,0.00032736409258607007,0.00010352161567262223,9.999999747378752e-05,0.0010997800854966,0.00034998000774065,0.000224992498260625,0.0006498300645034749,DRMAgent,0.99,5,157.0,0.381317,6.44696,,,1.0,256.0,True,1.0,,65536,FlatteningReplayBuffer,"(5, 5, 3)",,0,0,100,16,1,1,0,1000000,2,True,2
DRMAgent,sweep_c4,10,0.00044991802060391874,0.0002460004891402178,7.779218511986048e-05,9.999999747378752e-05,0.000799760047812,0.00044995501230005,0.000224992498260625,0.0006748500454705,DRMAgent,0.99,5,267.0,3.44913e-05,13.7483,,,1.0,16384.0,True,1.0,,2048,FlatteningReplayBuffer,"(5, 5, 3)",,0,0,100,512,1,3,0,1000000,64,True,512
DRMAgent,sweep_c2,10,0.00043995400628771,0.0001837476659222813,5.810611390541127e-05,0.0001999999949475,0.0007998400251381,0.0003999600012321,0.00032496750645802505,0.00047496251499977503,DRMAgent,0.99,5,362.0,0.0606436,4.7212,,,1.0,256.0,True,1.0,,2048,FlatteningReplayBuffer,"(5, 5, 3)",,0,0,100,512,1,8,0,1000000,32,True,256
RMaxNFQAgent,sweep_c6,10,0.00041991102625612,0.0002484471424504311,7.856588483036693e-05,0.000199980000616,0.000799760047812,0.00029998501122460003,0.0001999999949475,0.0006747975712642,RMaxNFQAgent,0.99,5,,0.514609,6.99556,69.0,42.0,,,,,1.0,32768,FlatteningReplayBuffer,"(5, 5, 3)",,0,0,100,256,1,8,0,1000000,128,True,16
RMaxNFQAgent,sweep_c44,10,0.0003399700071895275,0.00017124771885052625,5.415328356758146e-05,9.999999747378752e-05,0.0005999400164,0.00034996500471605,0.000224992498260625,0.000474952517834025,RMaxNFQAgent,0.99,5,,0.000223437,9.79446,26.0,111.0,,,,,1.0,4096,FlatteningReplayBuffer,"(5, 5, 3)",,0,0,100,16,1,0,0,1000000,8,True,64
DRMAgent,sweep_c65,10,0.00033996501078941874,0.00013495679762130027,4.2677086620570286e-05,9.999999747378752e-05,0.000499950023368,0.0003000000142492,0.0002999700082,0.00047491501754842497,DRMAgent,0.99,5,51.0,0.000282316,11.0408,,,1.0,256.0,True,1.0,,1024,FlatteningReplayBuffer,"(5, 5, 3)",,0,0,100,128,1,6,0,1000000,64,True,1
RMaxNFQAgent,sweep_c80,10,0.0003299250187410188,0.0003915980730756088,0.00012383418382519822,0.0,0.0010995601769536,0.00014999999621064376,0.0,0.0005998800043016,RMaxNFQAgent,0.99,5,,4.00223e-06,5.63042,32.0,101.0,,,,,1.0,2048,FlatteningReplayBuffer,"(5, 5, 3)",,0,0,100,16,1,2,0,1000000,2,True,16
RMaxNFQAgent,sweep_c94,10,0.0002899710067140088,0.00015236003691982867,4.818047410540037e-05,0.0,0.0004999000229872,0.0003000000142492,0.000224992498260625,0.000399950004066325,RMaxNFQAgent,0.99,5,,0.151255,6.46577,45.0,28.0,,,,,1.0,65536,FlatteningReplayBuffer,"(5, 5, 3)",,0,0,100,256,1,5,0,1000000,128,True,16
DRMAgent,sweep_c33,10,0.00027997600336672625,0.00017508424391683963,5.536649931856934e-05,9.999999747378752e-05,0.0005998800043016,0.00024998500157375,0.00012499999684221564,0.000374970004486375,DRMAgent,0.99,5,447.0,8.1597e-06,0.730234,,,1.0,64.0,True,1.0,,8192,FlatteningReplayBuffer,"(5, 5, 3)",,0,0,100,512,1,1,0,1000000,16,True,32
DRMAgent,sweep_c81,10,0.0002799680107272875,0.0002043524384737515,6.462191509864775e-05,0.0,0.0006998600438237,0.0002999700082,0.00012499499825934063,0.0003000000142492,DRMAgent,0.99,5,12.0,5.16749e-06,0.103773,,,1.0,64.0,True,1.0,,65536,FlatteningReplayBuffer,"(5, 5, 3)",,0,0,100,256,1,4,0,1000000,512,True,128
RMaxNFQAgent,sweep_c79,10,0.00026998300163536004,0.00010591706341979128,3.349391634830434e-05,0.000199980000616,0.000499950023368,0.0001999999949475,0.0001999999949475,0.0002999700082,RMaxNFQAgent,0.99,5,,0.643769,4.41614,15.0,21.0,,,,,1.0,1024,FlatteningReplayBuffer,"(5, 5, 3)",,0,0,100,64,1,2,0,1000000,64,True,128
RMaxNFQAgent,sweep_c17,10,0.00024999100496639624,0.00015090652866639963,4.7720834437531466e-05,9.999999747378752e-05,0.0005999400164,0.00024998500157375,0.00012499999684221564,0.0003000000142492,RMaxNFQAgent,0.99,5,,0.000325437,12.6206,12.0,36.0,,,,,1.0,8192,FlatteningReplayBuffer,"(5, 5, 3)",,0,0,100,16,1,8,0,1000000,16,True,64
DRMAgent,sweep_c17,10,0.00023997500320544624,0.0001897021151819862,5.9989076092668365e-05,0.0,0.0005998800043016,0.00019998999778175,9.999999747378752e-05,0.0002999700082,DRMAgent,0.99,5,373.0,0.0533187,8.20911,,,1.0,64.0,True,1.0,,2048,FlatteningReplayBuffer,"(5, 5, 3)",,0,0,100,64,1,0,0,1000000,2,True,2
RMaxNFQAgent,sweep_c1,10,0.00023330666833009585,0.00015270888884586682,8.816651808280986e-05,9.999999747378752e-05,0.000399920012569,0.0001999999949475,0.00014999999621064376,0.00029996000375825,RMaxNFQAgent,0.99,5,,0.0791947,5.69172,61.0,112.0,,,,,1.0,4096,FlatteningReplayBuffer,"(5, 5, 3)",,0,0,100,64,1,3,0,1000000,4,True,512
RMaxNFQAgent,sweep_c99,10,0.00020998799809598877,0.00011970074397054536,3.785269885635904e-05,0.0,0.0003999600012321,0.0001999999949475,0.0001999999949475,0.0001999999949475,RMaxNFQAgent,0.99,5,,0.08762,10.2537,32.0,155.0,,,,,1.0,16384,FlatteningReplayBuffer,"(5, 5, 3)",,0,0,100,256,1,1,0,1000000,64,True,128
RMaxNFQAgent,sweep_c2,10,0.00019998999996457875,0.00016995685821818757,5.374507759357791e-05,0.0,0.0003999999898951,0.00019998999778175,2.499999936844688e-05,0.000374970004486375,RMaxNFQAgent,0.99,5,,0.0523535,14.7504,68.0,76.0,,,,,1.0,16384,FlatteningReplayBuffer,"(5, 5, 3)",,0,0,100,16,1,5,0,1000000,2,True,128
DRMAgent,sweep_c43,10,0.000179990001197415,0.0001686337333117016,5.332666876023862e-05,0.0,0.0004999000229872,9.999999747378752e-05,9.999999747378752e-05,0.000275000009423775,DRMAgent,0.99,5,43.0,0.00014938,8.8199,,,1.0,1024.0,True,1.0,,4096,FlatteningReplayBuffer,"(5, 5, 3)",,0,0,100,128,1,3,0,1000000,8,True,2
DRMAgent,sweep_c55,10,0.00017998700059249252,0.00013162608146895054,4.1623821692476536e-05,9.999999747378752e-05,0.0004999000229872,9.999999747378752e-05,9.999999747378752e-05,0.0001999999949475,DRMAgent,0.99,5,34.0,0.000818906,14.1499,,,1.0,1024.0,True,1.0,,16384,FlatteningReplayBuffer,"(5, 5, 3)",,0,0,100,128,1,6,0,1000000,64,True,1
RMaxNFQAgent,sweep_c95,10,0.00015999499810273626,8.43208177058247e-05,2.6664583811825978e-05,0.0,0.0002999700082,0.00019998999778175,9.999999747378752e-05,0.0001999999949475,RMaxNFQAgent,0.99,5,,0.0143372,5.38932,27.0,22.0,,,,,1.0,1024,FlatteningReplayBuffer,"(5, 5, 3)",,0,0,100,16,1,9,0,1000000,4,True,1
RMaxNFQAgent,sweep_c68,10,0.0001599879979039325,0.0001646188924470179,5.205706460268658e-05,0.0,0.0005998800043016,9.999999747378752e-05,9.999999747378752e-05,0.00017499999557907188,RMaxNFQAgent,0.99,5,,0.507517,5.35769,46.0,150.0,,,,,1.0,16384,FlatteningReplayBuffer,"(5, 5, 3)",,0,0,100,256,1,2,0,1000000,32,True,512
DRMAgent,sweep_c67,10,0.00014999299892223253,0.00011783746154757509,3.726347721828471e-05,0.0,0.0003999600012321,9.999999747378752e-05,9.999999747378752e-05,0.00017499999557907188,DRMAgent,0.99,5,355.0,1.4908e-06,2.75082,,,1.0,2048.0,True,1.0,,8192,FlatteningReplayBuffer,"(5, 5, 3)",,0,0,100,64,1,1,0,1000000,2,True,8
DRMAgent,sweep_c73,10,0.0001399959975969825,0.00010748602083805193,3.399006424765645e-05,0.0,0.0003999600012321,9.999999747378752e-05,9.999999747378752e-05,0.00017499999557907188,DRMAgent,0.99,5,11.0,0.000211176,2.0671,,,1.0,128.0,True,1.0,,16384,FlatteningReplayBuffer,"(5, 5, 3)",,0,0,100,256,1,1,0,1000000,64,True,512
DRMAgent,sweep_c20,10,0.00013999399961901502,0.00010748684998783106,3.39903264478388e-05,0.0,0.0002999700082,9.999999747378752e-05,9.999999747378752e-05,0.0001999999949475,DRMAgent,0.99,5,30.0,0.0452337,12.6968,,,1.0,256.0,True,1.0,,32768,FlatteningReplayBuffer,"(5, 5, 3)",,0,0,100,256,1,8,0,1000000,16,True,512
RMaxNFQAgent,sweep_c87,10,0.00012999600003238502,9.486505360311828e-05,2.9998963973981672e-05,0.0,0.0003000000142492,9.999999747378752e-05,9.999999747378752e-05,0.000199980000616,RMaxNFQAgent,0.99,5,,0.098933,10.46,8.0,42.0,,,,,1.0,65536,FlatteningReplayBuffer,"(5, 5, 3)",,0,0,100,16,1,3,0,1000000,32,True,2
DRMAgent,sweep_c45,10,0.00012999200116608502,0.00013373141295111089,4.228958596380502e-05,0.0,0.000399920012569,9.999999747378752e-05,2.499999936844688e-05,0.00017499999557907188,DRMAgent,0.99,5,204.0,3.26605e-05,14.9559,,,1.0,64.0,True,1.0,,8192,FlatteningReplayBuffer,"(5, 5, 3)",,0,0,100,256,1,1,0,1000000,4,True,8
DRMAgent,sweep_c37,10,0.00010999999722114376,7.378647687322845e-05,2.333333274387411e-05,0.0,0.0001999999949475,9.999999747378752e-05,9.999999747378752e-05,0.00017499999557907188,DRMAgent,0.99,5,84.0,7.62108e-06,4.41401,,,1.0,32768.0,True,1.0,,65536,FlatteningReplayBuffer,"(5, 5, 3)",,0,0,100,256,1,4,0,1000000,4,True,2
DRMAgent,sweep_c16,10,0.00010999699879901501,9.943652487258898e-05,3.144459012093655e-05,0.0,0.0002999700082,9.999999747378752e-05,2.499999936844688e-05,0.00017499999557907188,DRMAgent,0.99,5,60.0,1.63993e-06,2.99941,,,1.0,64.0,True,1.0,,4096,FlatteningReplayBuffer,"(5, 5, 3)",,0,0,100,512,1,0,0,1000000,2,True,8
RMaxNFQAgent,sweep_c52,10,0.00010999599835484624,0.00012865837645445252,4.068535096554486e-05,0.0,0.0003999600012321,9.999999747378752e-05,0.0,0.00017499999557907188,RMaxNFQAgent,0.99,5,,0.127308,10.0263,2.0,1.0,,,,,1.0,4096,FlatteningReplayBuffer,"(5, 5, 3)",,0,0,100,64,1,9,0,1000000,256,True,32
RMaxNFQAgent,sweep_c73,10,0.00010999599835484624,0.00012865837645445252,4.068535096554486e-05,0.0,0.0003999600012321,9.999999747378752e-05,0.0,0.00017499999557907188,RMaxNFQAgent,0.99,5,,0.399605,5.95826,7.0,5.0,,,,,1.0,65536,FlatteningReplayBuffer,"(5, 5, 3)",,0,0,100,512,1,4,0,1000000,32,True,8
